,뉴스제목,내용,페이지주소
0,"크래프톤, '눈물을 마시는 새' 트레일러 공개…K-판타지로 글로벌 승부수","크래프톤이 한국 판타지의 대표작 '눈물을 마시는 새'를 앞세워 글로벌 대작(AAA) 시장 공략에 본격 나섰다. 단순 티저 공개 차원을 넘어 크래프톤이 자체 IP(지식재산권)를 넘어 외부 원작 IP를 ‘글로벌 프랜차이즈’로 확장하겠다는 전략을 본격화했다는 신호로 평가된다.  크래프톤, ‘배틀로얄’ 장르 이후의 카드는…IP 다각화크래프톤은 판타지 소설가 이영도의 대표작 ‘눈물을 마시는 새’ 세계관을 기반으로 개발 중인 트리플에이(AAA)급 액션 게임의 트레일러를 13일 공개했다. 2021년 ‘프로젝트 윈드리스’라는 코드명으로 처음 발표된 이 작품은 크래프톤의 캐나다 자회사인 크래프톤 몬트리올 스튜디오가 개발을 맡고 있다.크래프톤은 그간 ‘배틀그라운드’라는 단일 지식재산권(IP)에 크게 의존해 왔다. 이를 통해 안정적인 캐시카우는 확보했지만, 글로벌 대형 게임사로 도약하기 위해서는 장기 프랜차이즈 확장이 가능한 신규 IP가 필요하다는 평가가 꾸준히 나왔다.반면, ‘눈물을 마시는 새’는 한국 판타지 문학사에서 상징성이 큰 작품이다. 독창적인 종족 설정과 방대한 세계관, 정치·신화적 서사가 결합된 작품으로, 게임·영상화에 적합한 서사 자산을 갖췄다는 평가를 받는다.크래프톤은 이 세계관을 기반으로 액션 중심의 대작 게임을 개발해 서구권 AAA 시장에서 통할 수 있는 신규 IP로 육성하겠다는 구상이다. 단순한 게임 출시를 넘어 향후 영상·굿즈·2차 콘텐츠 확장까지 염두에 둔 ‘멀티 IP 전략’의 일환으로 해석된다. 개발은 북미 스튜디오…글로벌 감각 확보개발을 맡은 크래프톤 몬트리올 스튜디오는 북미 개발 인력을 중심으로 구성된 조직이다. 글로벌 시장을 타깃으로 하는 만큼 서구권 AAA 개발 경험을 가진 인력을 적극적으로 확보해 왔다.한국 원작 IP를 기반으로 하되 제작은 북미에서 진행하는 구조는 ‘콘텐츠는 한국, 제작 감각은 글로벌’이라는 크래프톤식 전략을 볼 수 있다는 평가다. 그간 일본이나 중국 게임사들이 자국 IP를 글로벌화하는 과정에서 현지화에 애를 먹었던 사례를 감안하면 초기 단계부터 해외 개발 역량을 결합한 점은 차별화 요소다.이번 프로젝트는 단순히 크래프톤의 신작을 넘어 ‘K판타지’의 글로벌 확장 가능성을 가늠하는 시험대라는 의미도 갖는다. 최근 K팝·K드라마·웹툰 IP가 글로벌 시장에서 성과를 내고 있지만, 순수 한국 판타지 세계관을 기반으로 한 AAA급 콘솔·PC 게임의 성공 사례는 아직 없다. 흥행 여부에 따라 한국 원작 IP의 게임화 모델이 본격화될 가능성도 있다.한 게임 업계 관계자는 “글로벌 게임 시장에서 성공하려면 기술력뿐 아니라 강력한 세계관 IP가 필수”라며 “눈물을 마시는 새가 성공한다면 한국 문학 기반 IP의 산업적 가치가 재평가될 것”이라고 말했다AAA 시장은 이미 서구 대형 스튜디오들이 장악하고 있다. 오픈월드 액션·다크 판타지 장르 역시 경쟁이 치열하다. 차별화된 세계관 해석과 전투 시스템, 서사 전달 방식이 성패를 가를 전망이다. 크래프톤이 ‘배틀그라운드’ 이후 또 하나의 글로벌 프랜차이즈를 만들 수 있을지, 이번 프로젝트가 중장기 성장 스토리의 분수령이 될 전망이다.",https://n.news.naver.com/mnews/article/015/0005251179
1,"펄어비스, ‘붉은사막’ 출시로 분위기 반전 예고","지난해 연간 매출 3656억, 영업손실 148억기대감 고조 중인 ‘붉은사막’, 위시리스트 200만 돌파3월 말 이후 ‘도깨비’ 팀에 개발 인력 대거 투입지난해 적자를 기록한 펄어비스가 분위기 반전을 위해 내달 20일 출시 예정인 '붉은사막'에 총력을 다하겠다고 밝혔다.펄어비스는 12일 지난해 연간 매출은 3656억원, 영업손실 148억원, 당기손순실 76억원을 기록했다고 잠정실적을 공시했다. 매출은 전년 대비 6% 증가했지만, 신작 개발비 증가 여파로 흑자전환에 성공하지 못했다.게임별로 살펴보면 '검은사막' PC는 신규 클래스 '세라핌'과 '솔라레의 창' 신규 시즌을 선보이며 안정적인 라이브 서비스를 이어갔다. 콘솔은 '아토락시온'과 '에다니아'를 업데이트하고 모바일은 아침의 나라 시리즈를 확대하며 매출이 증가했다. '이브 온라인'은 신규 확장팩 '카탈리스트'(Catalyst) 업데이트를 통해 이용자에게 다양한 즐길 거리를 제공했다.이런 가운데 붉은사막의 출시에 이목이 쏠린다. 붉은사막이 회사의 성장 모멘텀을 넘어 국내 게임 산업의 경쟁력을 보여줄 수 있는 시험대에 올랐다는 평가를 받고 있기 때문이다.회사 운명이 달린 붉은사막은 스팀 등 주요 플랫폼에서 위시리스트 200만을 돌파, 글로벌 기대작으로서의 입지를 확고히 하고 있다. 게임의 스토리와 지역, 탐험, 액션, 퀘스트 등 핵심 콘텐츠를 소개하는 프리뷰 영상을 연이어 공개하며 글로벌 미디어 및 게이머들의 호평도 이어지고 있다.조미영 펄어비스 최고재무책임자(CFO)는 ""올 1분기에도 검은사막과 이브의 꾸준한 라이브 서비스를 선보이는 가운데, 붉은사막의 성공적인 출시를 위해 마지막까지 총력을 기울이겠다""고 말했다.이날 실적발표 콘퍼런스 콜에서는 '도깨비' 소식도 전해졌다. 붉은사막 출시 이후부터 본격적인 개발에 들어갈 예정이다.펄어비스 측은 ""도깨비는 자체 엔진인 블랙 스페이스를 기반으로 빠르게 에셋을 쌓고 있다""며 ""붉은사막 출시 이후 많은 개발 인원을 도깨비에 투입해 속도를 내겠다""면서 ""올해 적절한 시점에 현황을 공개하겠다""고 밝혔다.김영욱 기자 wook95@dt.co.kr
펄어비스 실적 인포그래픽. 펄어비스 제공",https://n.news.naver.com/mnews/article/029/0003010738
2,"""다시 3N, 날아오른 K""…신작 흥행이 가른 게임사 실적","넥슨·크래프톤·넷마블 호실적 속 펄어비스·카카오게임즈 하반기 신작 드라이브국내 주요 게임사들이 2025년 연간 실적을 발표한 가운데, 대형 신작의 흥행 여부에 따라 성적 희비가 갈린 것으로 확인됐다.넷마블과 크래프톤은 역대 최대 매출을 경신하며 성장 잠재력을 과시했고, 엔씨소프트는 흑자 전환에 성공하며 구조 개선의 성과를 증명했다. 반면 신작 출시가 지연된 일부 게임사는 적자의 늪을 벗어나지 못하 대조를 이뤘다.지난해 실적 성장을 이끈 핵심 동력은 단연 신작 흥행과 IP(지식재산권) 파워였다.
국내 게임업계 실적이 회복세를 보이고 있다(사진=각 게임사)넷마블·크래프톤 역대급 실적 '훈풍'...엔씨소프트는 흑자 전환넥슨은 2년 연속 연매출 4조원을 돌파하며 업계 맏형의 위상을 공고히 했다. 넥슨은 지난해 연간 매출 4조 5072억원, 영업이익 1조 1765억원을 기록하며 역대 최대 매출을 달성했다. 사상 처음으로 모든 분기 매출이 1조원을 상회했으며, 특히 4분기 매출은 1조 1606억원을 기록하며 전년 동기 대비 55% 급증했다.신작 ‘아크 레이더스’가 출시 두 달 만에 누적 판매량 1000만장을 돌파한 데 이어 2월 기준 1400만장을 넘어서며 북미와 유럽 시장에서 역대 최대 성과를 견인했다.넷마블은 체질 개선과 신작 흥행이라는 두 마리 토끼를 모두 잡았다. 넷마블은 지난해 연간 매출 2조 8351억원, 영업이익 3525억원을 기록했다고 밝혔다. 매출은 전년 대비 6.4%, 영업이익은 63.5% 급증하며 역대 최대 실적을 달성했다.
넥슨코리아 판교 사옥. 사진=지디넷코리아'세븐나이츠 리버스', 'RF 온라인 넥스트' 등 신작이 연달아 흥행에 성공하고, 해외 자회사의 실적 호조가 더해진 결과다.크래프톤은 창사 이래 처음으로 연매출 3조원을 돌파하며 '3조 클럽'에 가입했다. 크래프톤의 2025년 매출은 3조 3266억원으로 사상 최대치를 기록했고, 영업이익은 1조 544억원으로 1조원 벽을 넘겼다.주력인 '배틀그라운드' IP가 견조한 성장세를 보인 가운데 '인조이', '미메시스' 등 신작이 100만장 이상 판매되며 힘을 보탰다.
엔씨소프트 판교 R&D센터엔씨소프트는 4분기 뒷심을 발휘하며 흑자 전환에 성공했다. 연간 매출은 1조 5069억원으로 전년 대비 5% 감소했으나, 영업이익 161억원을 기록해 적자 고리를 끊었다. 특히 지난해 말 출시한 '아이온2'의 흥행에 힘입어 4분기 매출이 전 분기 대비 92% 급증하는 등 가파른 회복세를 보였다.중견 게임사 약진…카카오게임즈·펄어비스, 올해 '대작'으로 반등 노려중견 게임사들의 약진도 두드러졌다. 시프트업은 '승리의 여신: 니케'와 '스텔라 블레이드'의 성과로 영업이익 1811억원, 영업이익률 61.6%라는 압도적인 수익성을 과시했다. 네오위즈 또한 'P의 거짓'과 '브라운더스트2'의 인기에 힘입어 영업이익이 전년 대비 82% 증가한 600억원을 기록했다.위메이드 역시 '레전드 오브 이미르'의 선전으로 매출 6140억원, 영업이익 107억원을 달성해 2년 연속 흑자를 이어갔으며, 컴투스는 연매출 6938억원, 영업이익 24억원을 기록하며 흑자 전환에 성공했다.
위메이드 사옥반면 신작 공백이 길었던 게임사들은 아쉬운 성적표를 받아들었다.카카오게임즈는 지난해 매출 4650억원, 영업손실 396억원을 기록하며 적자 전환했다. '크로노오디세이', '갓 세이브 버밍엄' 등 주요 기대작의 출시가 잇따라 연기되면서 매출이 전년 대비 26% 감소한 영향이 컸다. 카카오게임즈는 올해 '오딘Q'와 '아키에이지 크로니클' 등 핵심 IP 기반의 대형 신작을 통해 글로벌 시장 공략과 실적 턴어라운드에 나선다는 계획이다.펄어비스는 3년 연속 적자를 기록했다. 연간 매출은 3656억원으로 소폭 증가했으나, 영업손실 148억원을 기록했다. 기대작 '붉은사막' 개발에 전사적 역량을 집중하면서 신작 공백기가 길어진 탓이다. 다만 펄어비스는 다음 달 20일 '붉은사막' 출시를 확정 짓고 배수진을 쳤다.웹젠 역시 국내 게임 시장 침체로 인해 매출 1744억원, 영업이익 297억원을 기록하며 전년 대비 감소한 실적을 거뒀다. 다만 해외 매출 비중이 49%까지 확대되는 성과를 거뒀으며, 지난 1월 출시한 '드래곤소드'와 상반기 정식 출시 예정인 '메모리스' 등 장르 다변화 신작을 통해 실적 반등의 기회를 모색한다는 방침이다.""AI 게임 제작, 시기상조"" 한목소리…주주환원책은 '강화'이번 실적 발표 시즌에는 최근 업계 화두로 떠오른 구글의 '지니 3(Genie 3)' 등 AI 기술에 대한 게임사 수장들의 신중한 입장이 이목을 끌었다. 이들은 AI의 잠재력은 인정하면서도 즉각적인 게임 제작 대체 가능성에는 선을 그었다.박병무 엔씨소프트 공동대표는 이번 컨퍼런스콜에서 ""저희가 만드는 AAA 게임의 경우 아직 AI가 전체적으로 만들기는 굉장히 어렵다""며 ""정교한 시스템 구축의 어려움과 이용자들의 저항감 등으로 인해 시장이 지나치게 반응하는 것 같다""고 밝혔다.이어 ""다만 AI 자회사(NC AI)를 통해 전사적 생산성 향상 TF를 가동하는 등 개발 과정에는 도움을 받을 것""이라고 덧붙였다.
박병무 엔씨소프트 공동대표.김창한 크래프톤 대표 역시 ""지니 3를 구동하기 위한 GPU 용량과 시간적 제약으로 단기간 내에 게임을 대체할 거라 보진 않는다""고 평가했다. 그러면서도 김 대표는 ""AI 기술 발전이 사업에 파괴적인 영향을 준다는 점은 공감하며, 핵심 사업 방어와 새로운 비즈니스 기회 창출이라는 두 가지 관점에서 대응하고 있다""고 강조했다.한편, 게임사들은 주주가치 제고를 위한 강력한 주주환원 정책을 잇달아 내놓으며 투자자 달래기에 나섰다. 성장 정체 우려를 해소하고 주주 신뢰를 확보하겠다는 의지로 풀이된다.크래프톤은 2026년부터 2028년까지 3년간 총 1조원 규모의 주주환원 정책을 시행한다. 매년 1000억원씩 총 3000억원의 현금 배당을 실시하고, 7000억원 규모의 자사주를 매입해 전량 소각할 계획이다. 창사 이래 첫 현금 배당이다.넷마블은 지배주주순이익의 30% 수준인 718억원을 현금 배당하고, 보유 중인 자사주 4.7%를 전량 소각하기로 결정했다. 네오위즈는 영업이익의 20%를 주주에게 환원하는 원칙하에 최소 연간 100억원 규모의 환원을 보장했으며, 컴투스 역시 발행주식의 5.1%에 해당하는 자사주를 소각하며 주주가치 제고 행렬에 동참했다.",https://n.news.naver.com/mnews/article/092/0002410530
3,"삼성전자, 갤럭시 신제품 공개 앞두고 전세계 곳곳서 3D 옥외광고","삼성전자가 KT광화문빌딩과 코엑스에서 갤럭시 신제품의 갤럭시 AI 기능을 소개하는 3D 옥외광고를 진행하고 있다. 삼성전자 제공삼성전자가 차세대 스마트폰 공개를 앞두고 한국과 미국, 영국 등 전 세계 17개국 주요 랜드마크에서 신제품의 갤럭시 AI 기능을 소개하는 3D 옥외 광고를 진행 중이라고 13일 밝혔다. 삼성전자는 한국시간으로 오는 26일 오전 3시 미국 샌프란시스코에서 '갤럭시 언팩 2026' 행사를 열고 새로운 갤럭시 S 시리즈를 공개할 예정이다. 
미국 LA 목시(The Moxy) 갤럭시 옥외광고. 삼성전자 제공언팩 행사는 삼성닷컴과 삼성전자 뉴스룸, 삼성전자 유튜브 채널 등에서 온라인으로 생중계된다.※CBS노컷뉴스는 여러분의 제보로 함께 세상을 바꿉니다. 각종 비리와 부당대우, 사건사고와 미담 등 모든 얘깃거리를 알려주세요.이메일 : jebo@cbs.co.kr카카오톡 : @노컷뉴스사이트 : https://url.kr/b71afn",https://n.news.naver.com/mnews/article/079/0004115802
4,"""애플 '뉴 시리' 테스트에서 문제 발생...지연 불가피""","애플의 인공지능(AI) 음성 비서 '시리(Siri)' 업그레이드 버전이 최근 수 주일 동안 진행된 테스트 과정에서 문제를 일으켜 일부 핵심 기능의 출시가 또다시 연기될 가능성이 제기됐습니다.애플이 애초 다음 달 공개 예정인 iOS 26.4에 시리의 새로운 기능들을 포함하려 했으나, 일부 기능이 5월로 예정된 iOS 26.5나 9월 공개될 iOS 27로 각각 미뤄질 수 있다고 블룸버그 통신이 소식통을 인용해 현지시간 11일 보도했습니다.테스트 참여자들은 음성 인식 정확도 저하, 빠르게 말할 경우 시리가 사용자의 말을 끊는 버그, 복잡한 질의 처리 지연 등의 문제를 보고한 것으로 전해졌습니다.애플은 2024년 6월에 음성만으로 애플과 타사의 앱들을 제어하는 기능을 2025년 초까지 선보일 방침이라고 밝혔으나 이후 출시 시점을 올해로 연기했습니다.내부적으로는 올해 3월을 목표로 삼았으나, 최근 테스트에서 소프트웨어 결함이 추가로 발견되면서 일정 조정이 불가피해졌다고 소식통들은 전했습니다.※ '당신의 제보가 뉴스가 됩니다'[카카오톡] YTN 검색해 채널 추가[전화] 02-398-8585[메일] social@ytn.co.kr",https://n.news.naver.com/mnews/article/052/0002314232
5,"""주말에 어디가지?""…KT 온마루 방문객 2만 돌파","초대형 미디어월 'KT 스퀘어' 연계 운영전시·F&B 공간으로 광화문 방문객 접점 확대
KT 온마루에 빛과 미디어가 어우러진 '빛의 중정' 전시 공간 ⓒ 뉴스1 김민수 기자(서울=뉴스1) 김민수 기자 = KT(030200) 광화문 사옥에 조성된 미디어월 'KT 스퀘어'와 체험형 전시 공간 'KT 온마루'가 방문객 증가세를 보이고 있다.KT는 온마루 누적 방문객이 지난 10일 기준 2만명을 돌파했다고 12일 밝혔다. 온마루는 지난해 12월 광화문빌딩 웨스트 2층에 문을 연 상설 전시 공간이다.온마루는 대한민국 정보통신 140여년 역사와 KT의 사업 비전을 소개하는 공간으로 △통신 사료 기반 체험 콘텐츠 '시간의 회랑' △몰입형 미디어 아트 공간 '빛의 중정' △팝업 전시 공간 '이음의 여정' 등으로 구성됐다.전시는 일요일을 제외하고 오전 10시부터 오후 6시까지 무료 개방된다. 사전 예약을 통해 국·영문 도슨트 투어 참여도 가능하다.광화문빌딩 외벽에 설치된 초대형 듀얼 미디어월 'KT 스퀘어'는 광화문 광장과 연계해 운영 중이다. 지난해 9월 도심 문화 행사 'K 페스타' 점등식을 통해 공개됐으며, 이후 음악 행사 등과 연계한 미디어 이벤트를 진행했다.광화문빌딩 지하에는 식음료(F&B) 공간도 마련됐다. 미슐랭 2스타 셰프가 운영하는 레스토랑을 포함해 여러 매장이 입점해 있다.KT는 미디어월과 전시 공간을 통해 광화문 일대 방문객 접점을 확대할 계획이다.
광화문빌딩 외벽에 설치된 초대형 듀얼 미디어월 'KT 스퀘어'(KT제공) ⓒ 뉴스1 김민수 기자",https://n.news.naver.com/mnews/article/421/0008771603
6,'국가대표 AI' 추가 공모에 모티프·트릴리온랩스 지원,"이달 중 최종 1개팀 선정 예정과학기술정보통신부는 '독자 인공지능(AI) 파운데이션 모델' 프로젝트의 1개 정예팀 추가 공모 결과, 2개 컨소시엄의 제안이 접수됐다고 12일 밝혔다.이번 추가 공모를 제안한 컨소시엄은 모티프테크놀로지스 주관 컨소시엄과 트릴리온랩스 주관 컨소시엄이다.
배경훈 부총리 겸 과학기술정보통신부 장관, 임문영 국가인공지능전략위원회 부위원장, 하정우 AI미래기획수석비서관 등이 '독자 AI 파운데이션 모델' 프로젝트 1차 발표회에서 기념촬영을 하고 있다. 연합뉴스이번 추가 공모는 독자 AI 파운데이션 모델 프로젝트의 1차 평가에서 네이버클라우드와 NC AI 등 2개 팀이 탈락하면서 진행됐다.과기정통부는 다른 정예팀과 동일한 수준의 AI 모델 개발 기간을 보장하기 위해 오는 8월 초를 전후해 단계 평가를 추진할 계획이다. 구체적으로는 기존 3개 정예팀이 1~6월 AI 모델을 개발하고, 추가 선정팀은 2~7월 개발을 진행해 8월 초 단계 평가를 함께 받게 된다.선정된 1개 정예팀에는 엔비디아 'B200' 그래픽처리장치(GPU) 768장 규모의 자원을 지원한다. 데이터 공동 구매와 구축·가공 지원, 'K-AI 기업' 명칭 부여 등 기존 정예팀과 동등한 수준의 지원도 제공할 예정이다.과기정통부는 제출서류의 적합성 검토와 외부 전문가 평가를 이달 중 진행해 1개 정예팀 추가 공모 결과를 발표할 계획이다.",https://n.news.naver.com/mnews/article/277/0005721530
7,"챗GPT프로, 카톡에서 10분의 1 가격… 왜?","카카오톡 선물하기에서 판매 중인 챗GPT 이용권. 사진 캡처카카오(035720)가 오픈AI의 ‘챗GPT 프로’를 10분의 1 가격에 이용할 수 있는 프로모션을 진행하는 것으로 드러났다. 대폭 할인된 가격을 통해 카카오와 오픈AI의 협업을 강화하는 모양새다.13일 업계에 따르면 카카오는 ‘챗GPT 프로 1개월 이용권’을 이달 12일부터 카카오톡 선물하기에서 2만 9000원에 판매하고 있다. 챗GPT 프로는 챗GPT 유료 멤버십 중 최고 등급에 해당한다. 복잡한 데이터 분석과 장문 보고서 작성, 코드 생성·검증 작업 등을 처리할 수 있는 것이 특징이다. 한국에서 챗GPT 프로의 월 구독료는 웹 결제 기준 200달러(약 28만 8500원)다. 카카오톡의 선물하기를 통해 이용권을 구매하면 10분의 1가격으로 챗GPT 프로를 이용할 수 있는 것이다. 단 구매 수매량은 일인당 이용권 5장으로 제한돼 있다.업계에서는 이번 프로모션이 카카오와 오픈AI 간 협업을 강화하는 데 일환으로 보고 있다. 카카오는 지난해 오픈AI와 협력을 강화하며 카카오톡에서 챗GPT를 이용할 수 있는 ‘챗GPT 포 카카오’를 출시했다. 챗GPT 포 카카오의 이용자는 지난해 10월 출시 이후 현재까지 총 800만 명이다. 정신아 카카오 대표는 “카카오톡의 대화 맥락과 챗GPT 간 연계성을 한층 강화하고 톡 내에서 챗GPT 기반의 다양한 AI 기능을 순차적으로 선보일 계획”이라고 말했다.",https://n.news.naver.com/mnews/article/011/0004590189
8,베일 벗는 '갤럭시S26' 전 색상 유출…6色으로 나온다,"[파이낸셜뉴스] 삼성전자가 이달 공개하는 차세대 플래그십(최고급) 스마트폰 '갤럭시S26' 시리즈의 색상이 유출됐다.  13일 해외 정보기술(IT) 정보유출자(팁스터) 에반 블래스는 갤럭시S26, S26 플러스, S26 울트라의 제품 이미지를 공개했다.  색상은 블랙, 화이트, 스카이 블루, 코발트 바이올렛 등 4가지로 출시되며, 실버 섀도우와 핑크 골드 색상은 삼성닷컴을 통해 독점 판매될 것으로 전망된다.  일반적으로 대중적으로 인기가 있는 블랙, 화이트 색상을 전면에 세우면서도 강렬한 보라색, 파란색 색상을 조합해 제품 존재감을 강화하려는 마케팅 전략의 일환으로 해석된다. 이와함께 지역별 선호하는 선호 색상도 고려했다는 분석도 나온다. 통상 북미, 유럽에서는 파란색 등 차가운 색상을 선호하는 경향이 두드러진다.  외관 측면에서는 일반형과 플러스 모델의 경우 카메라 부분이 살짝 튀어나온 것을 제외하면 전작과 거의 동일한 것으로 추정됐다.  울트라는 후면 카메라 모듈 디자인이 변경되며, 각진 모서리가 더 둥글게 디자인됐다. S펜 역시 둥근 프레임에 맞춰 새롭게 디자인된 것으로 파악된다. 소재는 기존 티타늄 대신 알루미늄이 적용된 것으로 보인다.  삼성전자는 오는 26일 오전 3시(현지시간 25일 오전 10시) 미국 샌프란시스코에서 모바일 신제품 공개 행사인 '갤럭시언팩' 행사를 개최하고, 갤럭시S26 시리즈를 공개할 예정이다.",https://n.news.naver.com/mnews/article/014/0005478521
9,너도나도 투자 뛰어들었다…43조 빨아들인 '저승사자' 정체,"'소프트웨어 저승사자' 앤스로픽43조 '자금 블랙홀' 됐다소프트웨어에서 AI로 머니무브시리즈G 펀딩 마친 앤스로픽 기업가치 5개월 만에 2배 뛰어VC·국부펀드·운용사 자금 싹쓸이한때 SW 사모펀드 블루칩이었지만비중 줄이고 AI 모델기업 투자 확대
/사진=로이터최근 글로벌 증시에서 소프트웨어 주가 하락을 불러일으킨 인공지능(AI) 기업 앤스로픽이 목표액의 3배인 300억달러(약 43조원) 자금을 조달했다. 전통적인 벤처캐피털(VC) 뿐만 아니라 자산운용사, 국부펀드, 빅테크가 모두 앤스로픽 투자에 뛰어들었다. 기존 소프트웨어 기업에서 AI 모델 개발사로, 상장사에서 스타트업으로 '머니 무브'가 일어나고 있다는 분석이 나온다. 앤스로픽 기업가치, 세일즈포스 2배 앤스로픽은 12일(현지시간) 시리즈G 투자를 통해 300억달러를 조달했다고 밝혔다. 처음 목표치는 100억달러였지만 지난달 200억달러로 상향했다. 이후 앤스로픽이 AI에이전트 클로드 코워크를 내놓으며 기존 소프트웨어들을 대체할 대항마로 떠오르자, 막대한 투자 수요가 쏟아지며 지금의 투자 규모에 이르렀다.  평가 기업 가치는 3800억달러로 5개월만에 2배 이상 뛰었다. 세일즈포스(1765억달러) 어도비(1098억원) 등 기존 소프트웨어 기업을 훌쩍 넘는 수준이다.  투자자는 엑셀·베세머벤처파트너스·라이트스피드 등 VC 뿐만 아니라 국부펀드인 GIC(싱가포르)·카타르투자청·MGX(아부다비), 자산운용사인 블랙락, JP모간체이스, 골드만삭스, 빅테크인 마이크로소프트(MS)와 엔비디아 등 다양하게 구성됐다. 
늘어나는 비VC의 AI 메가딜 규모. /자료=피치북이는 AI스타트업 투자가 더이상 전통적인 VC의 전유물이 아니라는 점을 보여준다. 피치북에 따르면 지난해 말 기준 AI 메가딜에 투자된 비(非)VC 자금은 1217억달러(약 175조원)으로 전년(402억달러) 대비 3배 이상 늘었다. 지난해 오픈AI·앤스로픽·xAI·데이터브릭스·스케일AI 5개 기업이 전체 투자의 46%를 차지하는 '메가 라운드' 현상이 일어나고 있는데, 이들이 글로벌 자본시장의 유동성을 빨아들이고 있다는 것이다.  사모펀드는 SW 비중 축소  반면 2010년대 자본시장의 '블루칩'이었던 기업용 소프트웨어 업계에서는 급격한 자본 이탈이 나타나고 있다. 기업용 소프트웨어는 구독 기반의 안정적인 매출을 거둘 수 있어 사모펀드의 최대 투자처로 꼽혔다. 한때 사모펀드 포트폴리오의 약 3분의1을 차지할 정도였다. 그러나 KKR과 블랙스톤은 최근 실적 발표에서 소프트웨어 투자 비중을 각각 7%, 6%라고 밝혔고 브룩필드는 1% 미만, 아폴로글로벌매니지먼트는 0%에 가깝다고 전했다. 이코노미스트는 ""앤스로픽이 사모펀드와 소프트웨어 기업들의 동맹을 산산조각내려고 한다""고 평가했다.
지난해 5대 AI스타트업이 전체 스타트업 투자에서 차지한 비중. /자료=SVB 이러한 머니 무브 현상은 증시에도 영향을 미치고 있다. 이날 다우존스 부동산 지수가 11.44%떨어진 데 더해 존스랑라살(-7.57%) 허드슨퍼시픽프로퍼티스(-4.31%) 등 부동산 주가 전반적으로 하락했다. 지난 10일에는 찰스슈왑, 레이드먼드제임스파이낸셜 등 금융주, 지난 4일에는 톰슨로이터, 리걸줌닷컴 등 법률 소프트웨어가 두 자릿수로 하락하기도 했다. 앤스로픽이 기존 소프트웨어 시장의 '저승사자'가 된 것이다. VC 업계에서도 AI투자를 둘러싼 거대한 변화가 일어나고 있다. VC들은 초기 스타트업과 동반 성장하는 전통적인 VC나 오픈AI, 앤스로픽, xAI 등 거대 AI기업에 투자하는 사실상 '자산운용사'가 된 대형 VC들로 분화되고 있다. 실리콘밸리은행(SVC)은 ""5억달러 이상의 초대형 투자가 전체 VC 투자의 약 절반을 차지했다""며 ""이러한 투자는 명목상 벤처 투자이지만, 전통적인 초기 단계 벤처 투자의 위험 및 수익 프로필과는 다르다""고 지적했다. 실리콘밸리=김인엽 특파원 inside@hankyung.com",https://n.news.naver.com/mnews/article/015/0005251192
10,"기업은행 노조, 장민영 신임 은행장 출근저지 투쟁 마무리","""금융위와 총 인건비제 해결 검토 중""기업은행 노동조합이 13일 장민영 신임 은행장의 출근 저지 투쟁을 마무리한다고 밝혔다.기업은행 노동조합 측은 지난 1월 23일부터 장민영 은행장에게 총 인건비제로 인한 문제점을 해결할 것을 촉구하며 출근을 막아왔다.노조 관계자는 ""금융위원회와 임금 체불 문제를 정상화하기로 입장이 정리 됐으며, 구체적인 사항은 금융위와 검토중""이라며 ""금액이나 시기 등은 정해진 바 없지만 출근 저지 투쟁을 종료하기로 했다""고 설명했다.
장민영 IBK기업은행장 내정자가 23일 서울 중구 기업은행으로 출근했으나 이를 저지하는 노동조합의 쟁의 행위로 발길을 돌렸다.(영상=지디넷코리아)기업은행은 KB국민은행이나 하나은행 등과 다르게 공공기관(국책은행)이다 보니, 재정경제부(전 기획재정부)의 예산에 따라 매년 급여 인상률이 제한된다. 1년에 사용할 인건비 총액과 인상률이 정해지다 보니, 이를 맞추기 위해서 휴가를 쓰지 않아 발생하는 휴가비 등을 완전하게 받지 못했다는 것이 기업은행 노조 측 설명이다.기업은행 노조에 따르면 2024년 기준으로 초과 수당 대신 지급된 휴가 중 미사용 일수는 1인당 35일, 수당으로는 1명당 600만원 수준이다. 이재명 대통령은 기업은행 노조 지적에 총 인건비제를 해결하라고 지시하기도 했다.",https://n.news.naver.com/mnews/article/092/0002410654
11,갤S26 탑재 '엑시노스 2600'…AI 성능서 '퀄컴 칩'과 동등 성능 발휘,"엑시노스 2600, 세계 최초 2나노 모바일 칩…AI 성능 대폭 향상자연어 이해 등 3개 항목서 퀄컴 스냅드래곤보다 높은 점수 기록    (서울=연합뉴스) 강태우 기자 = 삼성전자의 최신 모바일 애플리케이션 프로세서(AP·스마트폰의 두뇌 역할을 하는 반도체) '엑시노스 2600'이 인공지능(AI) 벤치마크 테스트에서 퀄컴의 '스냅드래곤 8 엘리트 5세대'와 비교해 일부 항목에서 더 우수한 성능을 보인 것으로 나타났다.
삼성전자 '엑시노스 2600'[삼성전자 유튜브 캡처. 재판매 및 DB 금지]    13일 정보기술(IT) 전문 매체 샘모바일에 따르면 IT 팁스터 @BairroGrande가 공개한 '엠엘퍼프(MLPerf) 인퍼런스 모바일 v5.0' 결과에서 엑시노스 2600은 총 6개 테스트 가운데 분류·객체 탐지·자연어 등 3개 항목에서 스냅드래곤 8 엘리트 5세대보다 높은 점수를 기록했다.    엠엘퍼프는 이미지 인식, 객체 인식, 자연어 이해, 이미지 분할, 초해상도 등 다양한 워크로드에서 칩셋이 AI·머신러닝 모델을 처리하는 속도를 측정하는 벤치마크다. 점수가 높을수록 AI 연산 성능이 우수한 것으로 평가된다.    엑시노스 2600은 자연어 이해 부문에서 1천185점, 객체 탐지 부문에서 4천661점을 기록해 퀄컴 칩을 크게 앞섰고, 이미지 분류에서도 소폭 우위를 보였다.    반면 이미지 분할·초해상도·생성형 AI 관련 스테이블 디퓨전 항목에서는 스냅드래곤이 더 높은 점수를 냈다.    외신들은 이번 결과가 엑시노스 2600이 실시간 번역과 같은 언어 처리 기능과 실시간 객체 인식·추적 성능을 강화할 수 있음을 시사한다고 분석했다.    엑시노스 2600은 그래픽처리장치(GPU) 성능에서도 긍정적인 평가를 받고 있다.    IT 매체 폰아레나는 최근 보도를 통해 엑시노스 2600이 그래픽 벤치마크 '베이스마크 인 비트로'(Basemark In Vitro)에서 스냅드래곤 8 엘리트 5세대보다 앞서는 점수를 기록했다고 전했다.    엑시노스 2600과 X클립스(Xclipse) 960 GPU를 탑재한 '갤럭시 S26' 추정 기기(SM-S942B)는 테스트에서 8천262점을 기록하며, 같은 테스트에서 스냅드래곤 8 엘리트 5세대(아드레노 840 GPU)를 탑재한 누비아 레드매직 11 프로보다 약 10% 높은 성적을 거뒀다.    다만 이 매체는 ""특정 벤치마크에서의 승리이고, 실사용 체감 차이는 제한적일 수 있다""고 했다.    그러면서 ""(엑시노스 2600은) 그래픽과 AI 성능에서 경쟁 칩과 어깨를 나란히 하거나 일부 영역에서는 앞선 성과를 내며 엑시노스의 명예 회복 가능성을 보여주고 있다""고 평가했다.    앞서 샘모바일은 엑시노스 2600이 전작 대비 2배 수준의 GPU 연산 성능과 50% 향상된 레이 트레이싱 성능을 제공하고, AI 기반 프레임 생성·업스케일링 기술(ENSS)을 통해 고프레임 게임에서도 전력 소모를 억제한다고 전한 바 있다.    엑시노스 2600은 삼성 파운드리의 최첨단 공정인 게이트올어라운드(GAA) 기반의 2나노(㎚·1㎚=10억분의 1m)로 생산되는 세계 최초의 2나노 모바일 칩이다.    최신 암(Arm) 아키텍처 기반의 데카 코어(코어 수 10개)로 중앙처리장치(CPU) 연산 성능이 전작(엑시노스 2500)보다 최대 39%, 강력한 NPU로 생성형 AI 성능은 113% 향상됐다.    엑시노스 2600은 이달 말 공개 예정인 삼성전자의 플래그십 스마트폰 갤럭시 S26 일반·플러스 모델에 탑재될 것으로 예상된다.    burning@yna.co.kr",https://n.news.naver.com/mnews/article/001/0015905545
12,"SOOP, 2025년 호실적 비결은 '광고'","SOOP(숲) 판교 사옥과 회사 로고 /사진 제공=숲SOOP(숲)이 2025년 광고 매출의 비약적인 성장에 힘입어 호실적을 달성했다. 특히 연간 광고 매출이 전년 대비 60% 이상 증가하며 전체 성장을 견인하는 핵심 동력으로 자리 잡았다.13일 금융감독원 전자공시시스템에 따르면 숲의 지난해 매출은 4697억원(이하 연결기준)으로 전년 대비 13.7% 늘었다. 영업이익은 1220억원으로 7.5% 증가했지만 순이익은 984억원으로 4% 감소했다.광고 중심 외형 확장실적 성장을 이끈 주역은 광고다. 숲의 2025년 광고 매출은 1319억원으로 전년 대비 61.4% 증가하며 가파른 성장세를 보였다. 특히 자체 제작 역량을 바탕으로 한 콘텐츠형 광고 성장이 41.1%에 달했다. 여기에 2025년 2분기부터 플레이디 실적이 연결 반영되면서 광고 사업의 외형이 한층 커졌다.이러한 고성장은 플랫폼의 '시그니처 콘텐츠'를 광고 상품으로 확장한 전략과 맞물린 결과다. 라이브 스트리밍 특성상 크리에이터와 팬 사이의 상호작용이 강력하다. 이 때문에 브랜드 메시지를 콘텐츠 안에 자연스럽게 녹여내는 형태가 광고주들로부터 긍정적인 반응을 얻었다. 단순 노출을 넘어 이용자의 몰입도를 활용한 타깃팅 전략이 실질적인 매출 증대로 이어진 셈이다.회사는 콘퍼런스콜에서 플레이디와의 시너지 창출을 위해 노력을 이어가고 있다고 강조했다. 올해는 내부적으로 커머스 사이트와 혜택존 등을 정비해 이용자와 스트리머가 함께 이익을 얻는 구조를 구축한다는 구상이다.4분기 플랫폼 매출 일시 둔화다만 4분기 플랫폼 서비스 매출은 일시적으로 둔화됐다. 이는 결제 환경 변화에 있다. 지난 4월 안드로이드 인앱결제가 제외된 데 이어 11월 iOS 인앱결제까지 중단되면서 이용자들이 웹과 PC 결제로 이동하는 과정에서 공백이 발생했다. 지난해 4분기 매출은 전분기 대비 5.2% 줄었고 영업이익도 23.4% 감소했다.
숲 연간실적요약 /사진 제공=숲다만 iOS의 경우 전환 속도가 빠른 편이며 1월 들어 결제 금액이 큰 폭으로 반등해 향후 기부경제(선물) 매출로 이어질 전망이다.글로벌 전략은 '원빌드 통합'에 방점을 찍었다. 국내외 플랫폼 분리 운영에 따른 소통 장벽과 비효율을 해소하기 위해 통합을 추진한다. 이를 통해 태국과 대만 등에서의 성장세를 바탕으로 1분기 내 전환을 마무리할 계획이다. 회사는 통합을 통해 커뮤니티 시너지를 극대화하는 동시에 중복 운영에 따른 비용 부담도 낮출 수 있을 것으로 기대하고 있다.주주환원 정책도 대폭 강화했다. 숲은 2025년 결산 현금배당을 1주당 3380원(총액 360억원)으로 결정했다. 이와 함께 2026년부터 2028년까지의 3개년 주주환원 정책을 공표했다. 매년 순이익의 최소 25% 이상을 재원으로 삼아 현금배당을 시행한다는 내용이 골자다. 배당 기준을 잉여현금흐름에서 순이익으로 변경해 주주들의 예측 가능성을 높였다.최영우 숲 대표는 ""2026년 확보한 콘텐츠 지식재산권(IP)과 기술적 기반을 바탕으로 서비스 기본기를 더욱 강화하겠다""고 강조했다.",https://n.news.naver.com/mnews/article/293/0000079439
13,"삼성전자 로봇청소기 신제품, 사전 판매 하루 만에 1000대 돌파","서울 강남구 삼성 강남에서 모델들이 2026년형 로봇청소기 ‘비스포크 AI 스팀’을 선보이고 있다./뉴스1        삼성전자의 2세대 로봇청소기 ‘비스포크 AI 스팀’의 사전 판매량이 하루 만에 1000대를 넘어섰다.13일 업계에 따르면 지난 11일 시작한 삼성전자의 2026년형 로봇청소기 ‘비스포크 AI 스팀’의 사전 판매가 전작 대비 두 배 빠르게 진행되고 있다.2026년형 ‘비스포크 AI 스팀’은 울트라·플러스·일반형으로 구성된다. 울트라·플러스는 오는 3월 3일 공식 출시가 이뤄지고, 일반형은 4월부터 구매가 가능하다. 다음 달 2일까지 전국 삼성스토어·삼성닷컴·네이버 온라인 매장에서 진행되는 사전 판매를 통해 구매하면 먼지봉투·다회용포·브러시 키트·모터 필터 등으로 구성된 12만원 상당의 액세서리 키트를 받을 수 있다.흡입력은 전작 대비 2배 개선된 최대 10와트(W)다. 인공지능(AI)이 액체를 인식해 자동으로 피해 청소를 진행할 수 있다. 45㎜ 높이의 문턱을 넘을 수 있는 ‘이지패스 휠’ 기능도 탑재됐다.
삼성전자 2026년형 ‘비스포크 AI 스팀’이 45㎜ 높이의 매트를 넘고 있는 모습./정두용 기자        보안 솔루션 ‘녹스 매트릭스’와 ‘녹스 볼트’도 갖췄다. 스마트싱스로 연결된 기기들이 서로의 보안 상태를 모니터링하고 위협을 감지해 차단한다. 비밀번호·인증번호·암호화 키 등 개인정보를 하드웨어 보안 칩에 별도 보관해 보호한다. 또 로봇청소기로 촬영된 이미지·영상 데이터를 기기 내에서 암호화해 서버가 공격받거나 사용자 계정이 탈취되더라도 정보 유출을 막는 ‘종단 간 암호화’(E2EE) 기술이 적용돼 있다.비스포크 AI 스팀은 글로벌 인증 업체 ‘UL 솔루션즈’가 진행하는 사물인터넷(IoT) 보안 안전성 평가에서 최고 등급인 ‘다이아몬드’를 획득했다. 과학기술정보통신부·KISA가 진행하는 IoT 보안인증에서 최고 수준인 ‘스탠다드플러스’도 취득했다.스테이션에는 100℃ 스팀으로 물걸레 표면의 세균을 99.999% 살균하는 기능이 탑재됐다. 물걸레 세척 판의 먼지와 오염물도 자동으로 제거한다.임성택 삼성전자 한국총괄 부사장은 2026년형 ‘비스포크 AI 스팀’ 공개 행사에서 “흡입력·위생 등 로봇청소기가 갖춰야 할 기능을 강화하면서, 강력한 보안으로 고객 불안을 근본적으로 해소하는 K-로봇청소기”라며 “믿고 맡길 수 있는 삼성전자만의 안심 서비스로 시장의 주도권을 확보할 것”이라고 말했다.",https://n.news.naver.com/mnews/article/366/0001142584
14,"넥슨·넷마블 신작 효과 업고 호실적, 신작 부진 게임사는 적자","지난해 국내 게임사들의 성적표는 신작이 갈라놨다. 확실한 흥행 신작을 내놓은 넥슨, 넷마블은 호실적을 거뒀지만, 신작 성과가 미진했던 게임사들은 부진한 실적을 공개했다.     ━   3강 지킨 N·K·N     넥슨과 넷마블은 크래프톤과 함께 확고한 N·K·N  3강 체제를 굳혔다. 넥슨은 지난해 신작 ‘아크레이더스’를 성공시키며 2024년에 이어 2년 연속 매출 4조원(매출 4조 5072억원, 영업이익 1조 1765억원)을 넘겼다. 넷마블 역시 지난해 출시한 ‘세븐나이츠 리버스’, ‘뱀피르’ 등 주요 신작이 흥행한 성과 덕분에 사상 최대 실적(매출 2조 8351억 원, 영업이익 3525억 원)을 달성했다. 크래프톤은 연 매출 3조 3266억원, 영업이익 1조 544억원을 기록해 2년 연속 1조원 이상 영업이익을 기록했다.      
강대현(왼쪽), 김정욱 넥슨코리아 공동대표가 지난달 15일 경기 성남시 넥슨 사옥을 방문한 김민석 국무총리와의 간담회에 참석한 모습. 뉴스1       2022년 이후 영업이익이 지속적으로 줄다 지난해 창사 이래 첫 연간 적자를 기록했던 엔씨소프트(NC)는 흑자 전환을 하며 한숨을 돌렸다. 지난해 4분기 출시된 ‘아이온2’가 흥행에 성공하면서 연간 영업이익 흑자 전환(161억 원)에 성공했다.반면 흥행작 가뭄에 시달린 게임사들은 부진했다. 카카오게임즈는 5분기 연속 적자를 기록했다. 매출은 4650억 원, 영업손실은 396억원이었다. ‘검은사막’ 이후 신작 게임 공백이 길어지고 있는 펄어비스 역시 148억 원의 영업손실을 기록했다.      
지난해 12월 서울 성동구 스테이지 엑스 성수도원에서 열린 애플의 게임 쇼케이스 중 넷마블 부스의 모습. 연합뉴스      ━   구글의 습격? 업계 “지나친 반응”     이번 실적 발표 시즌에서 업계의 화두는 구글 딥마인드가 발표한 AI 모델 ‘지니3’였다. 구글 AI 울트라 구독자 대상으로 공개된 이 모델은 프롬프트나 이미지만 입력하면 가상 세계를 실시간으로 만들어주는 도구다. 지난달 29일 지니3가 공개되자마자 유니티 등 게임 제작 엔진 회사들의 주가가 급락하는 등 시장의 공포감이 커졌다. 하지만 이에 대해 주요 게임사 대표들은 콘퍼런스콜에서 “시장의 지나친 반응”이라고 입장을 냈다.      김창한 크래프톤 대표는 지난 9일 콘퍼런스콜에서 “AI 기술의 발전이 업무뿐 아니라 비즈니스에도 매우 파괴적인 변화를 일으키고 있다는 점에 공감한다”면서도 지니3의 위협론에는 선을 그었다. 그는 “지니3는 상당한 GPU 자원이 필요하고, 구현할 수 있는 시간이 충분히 길지 않아 단기간 내 게임 제작을 완전히 대체할 수준이라고 보지는 않는다”고 했다. 박병무 엔씨소프트 공동대표 역시 “모바일 캐주얼 사업 부문에서는 AI가 쉽게 콘텐트를 만들 수 있다”면서도 “(규모가 큰) 트리플A급의 게임은 정교한 시스템, 캐릭터, AI 제작 콘텐트에 대한 유저 반감 등을 고려했을 때 아직 AI가 전체적으로 만들기에는 어렵다”고 했다.",https://n.news.naver.com/mnews/article/025/0003503158
15,HBM4 출하 경쟁 '후끈'...엔비디아 수급 전략이 공급망 핵심 변수,"속도 경쟁 치열하지만 수급 안정성 고려하면 조건 완화 가능성HBM4(6세대 고대역폭메모리) 공급을 놓고 글로벌 메모리 반도체 빅3간 경쟁이 과열되고 있다. 삼성전자는 바로 전날(12일) SK하이닉스·마이크론에 한 발 앞서 ""HBM4 양산 출하를 발표하며, 경쟁사 대비 개발 속도와 성능 우위를 강조했다.다만 올해 HBM4 공급망 판도는 최종 고객사인 엔비디아의 HBM4 수급 전략에 가장 큰 영향을 받을 전망이다.HBM4의 성능도 중요하지만, 최신 AI 가속기의 적기 출시를 위해서는 HBM4의 수율 및 공급 안정성 등을 함께 고려해야 하기 때문이다. 실제로 업계는 엔비디아가 HBM4의 성능 조건을 완화하거나 차상위 제품을 함께 공급받을 가능성에 주목하고 있다.
삼성전자 HBM4 제품(사진=삼성전자)삼성전자, 출하 소식 앞당겨…SK하이닉스·마이크론과 주도권 싸움13일 업계에 따르면 삼성전자·SK하이닉스·마이크론 등 주요 메모리 기업들은 이달 엔비디아향 HBM4에 대한 리스크 양산 출하를 진행할 예정이다.HBM4는 글로벌 빅테크인 엔비디아가 올해 출시할 예정인 AI 가속기 '루빈'에 탑재되는 차세대 HBM이다. 이전 세대 대비 데이터 전송 통로인 I/O(입출력단자) 수를 2배 늘린 2048개로 구현한 것이 특징이다.앞서 삼성전자는 지난 12일 HBM4 양산 출하를 가장 먼저 공식 발표했다. 회사는 ""HBM4 개발 착수 단계부터 국제반도체표준화기구(JEDEC) 기준을 상회하는 성능 목표를 설정하고 개발을 추진해왔다""며 ""이번 제품에는 재설계 없이 양산 초기부터 안정적인 수율과 업계 최고 수준의 성능을 확보했다""고 설명했다.업계는 삼성전자가 HBM4 양산 출하 소식을 예상 대비 빠르게 발표했다는 점에 주목하고 있다.삼성전자 안팎의 이야기를 종합하면, 당초 회사가 HBM4 양산 출하를 계획하던 시기는 오는 19일이었던 것으로 파악된다. 그러나 경쟁사들도 HBM4의 양산을 최근 공식적으로 발표한 만큼, 주도권 확보를 위해 제품 출하를 최대한 앞당긴 것으로 풀이된다.실제로 SK하이닉스도 이달 HBM4 제품을 엔비디아향으로 출하할 계획이다.앞서 SK하이닉스는 지난달 28일 실적발표 컨퍼런스콜에서 ""당사는 HBM3E와 HBM4를 동시에 안정적으로 공급할 수 있는 업계 유일한 기업""이라며 ""특히 지난해 9월 업계 최초로 양산 체제를 구축한 HBM4는 고객이 요청한 물량을 현재 양산 중""이라고 밝힌 바 있다.마이크론 역시 지난 11일(현지시간) 한 증권사 컨퍼런스콜을 통해 최근 불거진 HBM4 공급망 탈락 논란에 대해 정면 반박하면서, 출하 소식을 공식적으로 알렸다.이날 마이크론은 ""HBM4는 이미 대량 생산에 박차를 가하고 있고, 고객사 출하를 시작했다""며 ""지난해 말 실적발표에서 언급한 가이던스보다 1개 분기 가량 시기가 앞당겨진 것""이라고 강조했다.
SK하이닉스 HBM4 실물(사진=지디넷코리아 전화평 기자)메모리 3사 모두 리스크 양산…물량 확대는 하반기부터최근 이들 메모리 3사는 HBM4 상용화를 둘러싸고 주도권을 쥐기 위해 날선 신경전을 벌여 왔다. 업계는 이 과정에서 시장에 불필요한 혼선과 확대 해석이 발생하는 것을 우려하고 있다.대표적으로, 메모리 3사가 표현하는 '양산'은 일반적인 양산의 개념과 차이점이 있다. 통상 제조산업은 샘플을 통해 고객사와 퀄(품질) 테스트를 진행하고, 일정 기준을 통과하면 정식으로 구매주문(PO)을 받게 된다.반면 현재 메모리 3사의 HBM4는 '리스크 양산'으로 분류된다. 리스크 양산은 고객사 인증이 완료되기 전 제품 양산을 위해 웨이퍼를 선제적으로 투입하는 개념이다.HBM을 최종 제품으로 출하하기 위해서는 코어 다이 양산에만 4개월이 필요하다. 만약 정식 PO를 받고 양산을 시작하게 되면, 최종 고객사인 엔비디아 입장에서는 AI 가속기를 적기에 출시하기 어려워진다. 때문에 메모리 3사는 정식 PO 전부터 HBM4를 고객사에 공급하기 위해 이달 제품 출하를 목표로 양산을 진행해왔다.메모리 반도체 업계 고위 관계자는 ""엔비디아가 제시한 공식적인 퀄테스트 종료 시점은 올 1분기 말로, 이후 공식적인 PO가 나올 것으로 안다""며 ""현재 메모리사들이 대외적으로 양산이라는 표현을 쓰지만, 엄연히는 리스크 양산 개념에 해당한다""고 설명했다.이를 고려하면 삼성전자, SK하이닉스의 HBM4 출하량이 본격적으로 확대되는 시점은 빨라야 올 하반기로 추산된다.
젠슨 황 엔비디아 CEO가 지난 1월 개최된 CES 2026에서 차세대 베라 루빈 아키텍처를 공개했다. (사진=엔비디아)엔비디아 HBM 수급 전략 주목…성능·수급 안정성 저울질현재 업계에서는 삼성전자가 엔비디아향 HBM4 퀄테스트를 가장 순조롭게 마무리할 것이라는 전망이 우세하다. 삼성전자의 경우 HBM4에 경쟁사 대비 한 세대 앞선 1c(6세대 10나노급) D램을 적용했다. HBM을 제어하는 베이스 다이도 가장 첨단 공정인 4나노미터(nm)를 기반으로 제작됐다.삼성전자는 HBM4 양산 출하 자료를 통해 ""당사의 HBM4는 업계 표준인 8Gbps를 약 46% 상회하는 11.7Gbps의 동작 속도를 안정적으로 확보하며 새로운 기준을 제시했다""며 ""이는 전작 HBM3E의 최대 핀 속도인 9.6Gbps 대비 약 1.22배 향상된 수치로, 최대 13Gbps까지 구현이 가능하다""고 밝혔다.다만 업계는 HBM4의 출하 속도보다 엔비디아의 제품 수급 전략에 더 큰 관심을 두고 있다. 엔비디아가 메모리 공급사에 요구한 11.7Gbps 급의 성능을 무조건적으로 고집할 경우, 루빈 칩 양산에 필요한 HBM4 물량을 충분히 확보할 수 없다는 이유에서다.우선 삼성전자는 HBM4 출하량을 급격하게 확대할 여력이 없다. 삼성전자의 1c D램 수율은 이달 기준 60%내외로 추산된다. 이후 진행되는 후공정까지 고려하면 HBM 수율은 더 낮아진다.또한 1c D램 생산능력은 지난해 말 기준 월 6만~7만장 수준으로, 엔비디아의 총 HBM4 요구량에 대응하기엔 턱없이 모자란 규모다. 현재도 1c D램에 대한 신규 및 전환 투자가 진행되고는 있으나, 실제 생산능력에 반영되려면 아직 시간이 필요하다.SK하이닉스는 엔비디아와의 협의에서 가장 많은 HBM4 물량(점유율 60%가량)을 배정받았다. 그러나 초기 HBM4에 대한 신뢰성 평가에서는 11Gbps급의 성능을 구현하기 힘들다는 평가를 받았다. 이에 SK하이닉스는 최근까지 HBM4의 하드웨어적인 개선을 진행했으나, 100% 성공을 담보하기는 어렵다.때문에 업계는 엔비디아가 11.7Gbps 외에도 10.6Gbps 등 차상위 제품까지 함께 수급할 것으로 보고 있다. 이 경우 메모리 3사 모두 기술적으로 HBM4 공급이 한층 수월해진다.반도체 업계 관계자는 ""HBM 공급망은 단순히 성능만이 아니라 전력 효율성, 발열, 비용, 공급 안정성 등이 모두 한꺼번에 고려돼야 한다""며 ""지난해와는 비교도 할 수 없는 메모리 쇼티지 속에서, 엔비디아가 수급 안정성을 위해 HBM4의 성능 조건을 완화할 가능성이 사실상 확정된 상황""이라고 설명했다.",https://n.news.naver.com/mnews/article/092/0002410650
16,"""30만원짜리가 2만9000원""…깜짝 할인에 '카톡' 들썩였다","30만 '챗GPT 프로' 2만9천에 내놓은 카카오별도 홍보 없이 깜짝 출시…종료 시점 미정
사진=카카오톡 선물하기월 30만원에 달하는 유료 인공지능(AI) 멤버십 '챗GPT 프로' 이용권이 카카오톡에서 2만9000원에 판매되고 있어 화제다.13일 카카오에 따르면 카카오톡 선물하기를 통해 OpenAI의 챗GPT 프로 1개월 이용권을 2만9000원에 판매하는 단독 프로모션을 진행 중이다. 1인당 최대 5개까지 구매할 수 있다.챗GPT 프로는 챗GPT 유료 요금제 중 최상위 등급으로, 웹 결제 기준 월 200달러(약 28만~30만원 수준)에 판매되고 있다. 고급 모델 사용, 복잡한 데이터 분석, 코드 생성·검증 등 고사양 작업에 적합한 멤버십으로 분류된다. 이번 프로모션은 정가 대비 약 10분의 1 수준으로, 구매자 상당수가 놀랍다는 후기를 남기고 있다.카카오는 별도 마케팅 없이 상품을 내놓았지만 사회관계망서비스(SNS)와 온라인 커뮤니티를 중심으로 판매 정보가 빠르게 확산하는 중이다. 네티즌들은 ""플러스 가격으로 프로를 쓴다"", ""이건 무조건 사야 한다"" 등의 후기를 올리며 구매 인증 글을 공유하고 있다. 카카오톡 선물하기 인기 검색어 상위권에도 '챗GPT' 관련 키워드가 오르내리는 모습이다.이번 상품은 카카오가 지난해 10월 선보인 '챗GPT 포 카카오' 이용자 확대 전략의 일환으로 해석된다. 해당 이용권은 '챗GPT 포 카카오' 계정에 등록해 사용해야 하기 때문. 카카오 측은 서비스 경험 확대와 AI 이용권 선물 수요를 겨냥한 기획으로, 판매 종료 시점은 미정이라고 전했다. 이번 할인 판매가 단기 체험 수요를 유료 구독 전환으로 연결할 수 있을지 주목된다.
사진=카카오톡 선물하기앞서 정신아 카카오 대표는 전날 지난해 연간 실적 발표 컨퍼런스콜에서 오픈AI 기반 자사 채팅 서비스인 '챗GPT 포 카카오' 이용자가 800만명 수를 기록했다고 밝히며 ""오픈AI와의 협업은 글로벌에서 가장 많은 B2C 이용자를 보유하고 있는 챗GPT를 중심으로 B2C AI 서비스 측면에서 지속되고 있다""고 했다.그러면서 ""지난해 챗GPT 포 카카오 출시 이후 서비스 안정화에 집중해왔다면, 올해부터는 카카오톡의 대화와 챗GPT 간 연계성을 한층 강화하고 톡 내에서 챗GPT 기반의 다양한 AI 기능을 순차적으로 선보이면서 오픈AI와의 협업을 더욱 확대해 나갈 예정""이라고 덧붙였다.",https://n.news.naver.com/mnews/article/015/0005251178
17,국가대표 AI 마지막 자리는?… 모티프·트릴리온 도전장,"모티프 “전 산업 망라” vs 트릴리온 “GS·포스코와 국가 AX 실전 검증”
배경훈 부총리 겸 과학기술정보통신부 장관이 작년 12월 서울 강남구 코엑스 오디토리움에서 열린 '독자 AI파운데이션 프로젝트' 발표회에서 환영사를 하고 있다. /뉴스1										국가 인공지능(AI) 경쟁력 확보를 위한 정부의 ‘독자 AI 파운데이션 모델(독파모)’ 구축 사업 추가 모집에 국내 스타트업 컨소시엄 두 곳이 지원했다.과학기술정보통신부는 12일까지 진행한 독파모 프로젝트 재공모 결과, 모티프테크놀로지스 컨소시엄과 트릴리온랩스 컨소시엄이 접수했다고 13일 밝혔다. 과기정통부는 심사를 거쳐 이달 중 1팀을 최종 선정할 계획이다.모티프테크놀로지스는 이번 공모에서 참여 기관 17곳, 수요 기관 12곳으로 컨소시엄을 구성했다고 이날 밝혔다. 지난 1차 공모에 주관사로 참여했을 때보다 컨소시엄 구성을 확대한 것이다. 구체적인 참여 기업 명단은 공개하지 않았다. 회사 측은 “공공기관과 스타트업, 대기업을 망라했다”며 “농업 등 1차 산업부터 반도체 제조 등 2차 산업, 교육 등 3차 산업인 서비스업까지 국가 산업 전반의 AI 확산에 초점을 뒀다”고 설명했다. 모티프테크놀로지스는 지난해 11월 자체 거대언어모델(LLM)인 ‘모티프 12.7B’를 발표해 글로벌 AI 성능 평가 기관인 ‘아티피셜 애널리시스’ 리더보드 순위권에 진입한 바 있다.트릴리온랩스는 GS그룹, 포스코홀딩스 등 대기업이 포함된 컨소시엄 명단을 공개했다. GS그룹의 AX 조직 ‘52g’가 참여해 발전·유통·건설 등 사업 현장에서 축적된 사례를 기반으로 AI 확산 모델을 실증하고, 포스코홀딩스는 이차전지 소재 설계 및 시각언어모델(VLM) 기반의 설비 자율 운전 등 제조 현장과 R&D 업무 혁신에 나선다. 코스닥 상장사인 엑셈은 광역지자체 행정용 AI 어시스턴트 및 제조 버티컬 AI 등을 담당한다. 이 외 베슬에이아이, 에임인텔리전스, 모빌린트, 홀리데이로보틱스 등 벤처·스타트업도 합류했다. 트릴리온랩스는 설립 1년 만에 700억(70B) 매개변수 규모의 LLM을 독자 개발했고, 최근 디퓨전 기반 언어 모델 ‘트리다(Trida)-7B’와 모바일 월드 모델 ‘gWorld-32B’를 공개했다.",https://n.news.naver.com/mnews/article/023/0003959144
18,“사무직 업무에 사람 다 필요없다”…CEO가 대놓고 말한 이 회사,"AI發 고용충격 놓고 CEO 갑론을박MS “18개월내 화이트칼라 자동화”AWS는 “시장 공포 과도해” 선긋기혁신기업 주도 ‘질서있는 진화’ 강조
 무스타파 술레이만 마이크로소프트 AI CEO [사진=슐레이만 블로그]인공지능(AI)이 사무직을 대체할 것인가, 아니면 기존 소프트웨어 기업의 성장을 재편할 것인가. AI가 미칠 파급력을 두고 마이크로소프트(MS)와 아마존웹서비스(AWS) 수장이 잇달아 내놓은 발언이 전혀 다른 온도 차를 드러냈다.무스타파 술레이만 마이크로소프트 AI CEO는 12일(현지시간) 파이낸셜타임스와 인터뷰하면서 “대부분, 아니 거의 모든 전문직 업무에서 인간 수준의 성과에 도달할 것”이라며 “변호사, 회계사, 프로젝트 매니저, 마케터 등 사무직 업무 대부분이 향후 12~18개월 내 AI로 완전히 자동화될 수 있다”고 말했다. 그는 “특히 소프트웨어 엔지니어링 분야에서 코드 생산의 대다수가 AI 지원 코딩으로 이뤄지고 있다”고 덧붙였다.이는 AI가 단순 보조 도구를 넘어 직무 자체를 대체하는 단계에 진입하고 있다는 강경한 전망이다. MS는 코파일럿 등 AI 업무 도구를 전면에 내세우고 있으며, 오픈AI와 앤스로픽에 대한 대규모 투자로 AI 생태계 확장에 나서고 있다. 자동화가 가속될수록 AI 인프라와 플랫폼 수요도 커진다는 계산이 깔려 있다.슐레이만 CEO는 “코딩 등 소프트웨어 개발 분야에서 이와 같은 변화가 6개월 만에 일어났다”며 “대규모 기관을 실제 운영할 수 있는 ‘조직형 AGI’에 의해 운영되는 AGI 팀이 2~3년 안에 모습을 드러낼 것”이라고 내다봤다.
 맷 가먼 아마존웹서비스 CEO [사진=AWS]반면 AWS를 이끄는 맷 가먼 CEO는 12일 CNBC와의 인터뷰에서 최근 소프트웨어 업종 급락과 관련해 “두려움의 상당 부분은 과도하다”고 선을 그었다. AI 모델 기반 소프트웨어 출시 이후 구독형 소프트웨어(SaaS) 기업 주가가 급락하며 ‘사스포칼립스’라는 표현까지 등장했지만 시장 반응이 지나치다는 주장이다.아마존은 지난해 4분기 클라우드 부문 매출이 전년 대비 24% 증가한 356억달러를 기록했다고 밝혔다. 영업이익률도 35%로 확대됐다. 가먼 CEO는 “AI는 소프트웨어가 소비되고 구축되는 방식을 바꾸는 파괴적 힘”이라면서도 “기존 SaaS 기업과 대형 업체들이 그 사업을 따낼 내부 경쟁력을 갖고 있다”고 강조했다.두 발언의 차이는 AI를 바라보는 속도와 충격의 해석에서 갈린다. MS는 자동화가 빠르게 확산될 것이라는 전제 아래 조직과 제품 전략을 재편하고 있다. 반면 AWS는 AI가 기존 소프트웨어 기업을 단번에 붕괴시키기보다는 혁신 여부에 따라 승패가 갈릴 것이라는 점을 강조한다.공통점도 있다. 두 CEO 모두 AI가 거대한 변화를 일으킬 것이라는 점에는 이견이 없다. 다만 술레이만CEO는 ‘대체의 가속’을, 가먼 CEO는 ‘질서 있는 진화’를 강조했다는 점에서 시장에 던지는 메시지는 다르다는 분석이 나온다.[실리콘밸리 원호섭 특파원]",https://n.news.naver.com/mnews/article/009/0005637102
19,"갤럭시 S26 들어갈 엑시노스 vs 스냅드래곤, AI 성능 테스트해보니","6개 AI 관련 벤치마크 테스트에서 엑시노스와 스냅드래곤 3대3 동률엑시노스 2600, GPU 성능에서도 긍정 평가…""실사용 체감은 다를 수도""
[서울=뉴시스]삼성전자가 내년 출시되는 갤럭시S26 시리즈에 탑재할 것으로 알려진 모바일 AP(애플리케이션프로세서) '엑시노스 2600' 관련 '티징 영상'을 공개해 눈길을 끈다. 삼성전자는 차세대 엑시노스가 '탁월한 성능'을 지녔다는 점을 강조하며, 자신감을 드러냈다. (사진=유튜브 캡쳐) photo@newsis.com *재판매 및 DB 금지[서울=뉴시스]윤현성 기자 = 삼성전자의 플래그십 모바일 칩셋 엑시노스 2600이 AI 벤치마크 테스트에서 퀄컴 스냅드래곤 8 엘리트 5세대를 제친 것으로 나타났다. 이들 칩셋은 삼성전자의 플래그십 신작인 갤럭시 S26 시리즈에 병행 탑재될 것으로 예상되고 있다.13일 샘모바일 등 외신에 따르면 IT 팁스터(정보유출자) '@BairroGrande'가 공개한 '엠엘퍼프(MLPerf) 인퍼런스 모바일 v5.0' 결과에서 엑시노스 2600은 총 6개 테스트 가운데 분류, 객체 탐지, 자연어 3개 항목에서 스냅드래곤 8 엘리트 5세대보다 높은 점수를 기록했다.엑시노스 2600은 자연어 이해 부문에서 1185점, 객체 탐지 부문에서 4661점을 기록해 퀄컴 칩을 크게 앞섰고, 이미지 분류에서도 소폭 우위를 보였다.반면 이미지 분할, 초해상도, 생성형 AI 관련 스테이블 디퓨전 항목에서는 스냅드래곤 칩이 더 높은 점수를 냈다.엠엘퍼프는 이미지 인식, 객체 인식, 자연어 이해, 이미지 분할, 초해상도 등 다양한 워크로드에서 칩셋이 AI·머신러닝 모델을 처리하는 속도를 측정하는 벤치마크로, 점수가 높을수록 AI 연산 성능이 우수한 것으로 평가된다.외신들은 이번 결과가 엑시노스 2600이 실시간 번역과 같은 언어 처리 기능과 실시간 객체 인식·추적 성능을 강화할 수 있음을 시사한다고 분석했다.엑시노스 2600은 GPU 성능에서도 긍정적인 평가를 받고 있다. 폰아레나는 엑시노스 2600이 그래픽 벤치마크 '베이스마크 인 비트로'에서 스냅드래곤 8 엘리트 5세대보다 앞서는 점수를 기록했다고 전했다.엑시노스 2600과 X클립스 960 GPU를 탑재한 갤럭시 S26 추정 기기(SM-S942B)는 테스트에서 8262점을 기록해, 같은 테스트에서 스냅드래곤 8 엘리트 5세대(아드레노 840 GPU)를 탑재한 누비아 레드매직 11 프로보다 약 10% 높은 성적을 거뒀다. 다만 폰아레나는 ""특정 벤치마크에서의 승리이고, 실사용 체감 차이는 제한적일 수 있다""며 결과 해석에 신중한 태도를 보이기도 했다.앞서 또다른 IT전문매체 샘모바일은 엑시노스 2600이 전작 대비 2배 수준의 GPU 연산 성능과 50% 향상된 레이 트레이싱 성능을 제공하며, AI 기반 프레임 생성·업스케일링 기술(ENSS)을 통해 고프레임 게임에서도 전력 소모를 억제한다고 전한 바 있다.한편 엑시노스 2600은 삼성 파운드리 2나노 게이트올어라운드(GAA) 공정으로 생산되는 세계 최초 2나노 모바일 칩이다. 10코어 CPU와 강화된 NPU, X클립스 960 GPU를 탑재해 전작(엑시노스 2500) 대비 CPU 성능 39%, AI 성능 113% 향상됐다.엑시노스 2600은 2월 공개 예정인 삼성전자의 차세대 전략 스마트폰 갤럭시 S26과 S26 플러스에 탑재될 것으로 예상된다. 폰아레나는 ""엑시노스 2600이 그래픽과 AI 성능에서 경쟁 칩과 어깨를 나란히 하거나 일부 영역에서는 앞선 성과를 내며 '엑시노스의 명예 회복' 가능성을 보여주고 있다”고 평가했다．",https://n.news.naver.com/mnews/article/003/0013769112
20,"""내부 위기설 사실무근""…애플, 차세대 시리 지연 공식 반박","[MOVIEW] 제미나이 통합 시리 연내 출시 목표 유지… 순차적 기능 배포 유력
AI가 발신자 정보를 파악해 통화 여부를 알려주는 '통화스크리닝' 등 전화 관련 AI 기능들. [WWDC25 갈무리][디지털데일리 김문기 기자] 애플이 최근 제기된 차세대 인공지능(AI) 비서 시리(Siri)의 개발 난항 및 출시 지연설을 부인하며, 올해 출시 계획이 정상 궤도에 있음을 공식적으로 확인했다. 이는 전날 제기된 내부 기술 결함 보도로 인해 분석가들과 주식 시장에 파장이 일고 주가가 급락한 데 따른 즉각적인 대응이다.12일(현지시간) CNBC 및 애플인사이더 등 복수 외신에 따르면 애플은 시리 출시 지연 루머에 대해 ""2026년 출시를 목표로 정상적으로 진행 중""이라는 입장을 내놨다. 앞서 익명의 제보자를 인용한 보도에서는 시리의 내부 테스트가 원활하지 않아 기능 배포가 iOS 26.5나 iOS 27로 밀릴 수 있다는 관측이 제기된 바 있다. 하지만 업계에서는 해당 보도가 내부 기능 설정에 대한 오해이거나 과거의 테스트 이슈를 혼동했을 가능성이 크다고 보고 있다.현재 애플은 구글(Google)의 제미나이(Gemini) 모델을 활용해 훈련된 새로운 애플 파운데이션 모델(Apple Foundation Models)을 기반으로 더 똑똑해진 시리를 준비하고 있다. 차세대 시리는 ▲화면 내용 인식 ▲개인 맥락 이해 ▲앱 간 제어 기능 등을 갖출 예정이며, 기존 발표된 것보다 더 강력한 성능을 구현할 것으로 기대된다. 다만 모든 기능이 한꺼번에 출시되기보다는 연내 여러 업데이트를 통해 순차적으로 배포될 가능성이 높다.애플 경영진은 최근 실적 발표 등을 통해 시리 재출시를 지속적으로 강조해 왔으며, 이번 공식 반박 역시 투자자 신뢰 회복을 위한 행보로 풀이된다. 이달 말 공개될 iOS 26.4 첫 베타 버전이 시리 출시의 실질적인 진척도를 확인할 수 있는 가늠자가 될 전망이다.업계에서는 애플이 공식적으로 2026년 약속을 지키겠다고 밝힌 만큼, 시장의 불확실성은 다소 해소될 것이라며 향후 출시될 베타 버전을 통해 구글 제미나이 기반의 AI 혁신이 실제 기기에서 어떻게 구현되는지 주목해야 한다고 진단했다.",https://n.news.naver.com/mnews/article/138/0002218067
21,“문만 닫아주면 1만5000원 드려요”...자율주행 택시의 치명적인 약점은,"美 웨이모, 배달업체 기사에 요청주변 차량 문 닫아주면 11.25달러
 웨이모 자율주행 택시 [사진=웨이모]미국 자율주행차 업체 웨이모가 문이 열린 채 멈춘 로보택시를 다시 운행시키기 위해 배달 플랫폼 도어대시 기사들을 호출하는 파일럿 프로그램을 운영 중이다. 완전 무인 운행을 내세운 로보택시가 여전히 현장 인력에 의존하고 있다는 점을 보여주는 사례다.12일(현지시간) 블룸버그에 따르면 웨이모는 미국 애틀랜타에서 도어대시 기사들에게 인근에 문이 열린 채 멈춰 있는 자율주행 차량의 문을 닫아달라는 요청을 보내고 있다. 최근 소셜미디어 레딧에 올라온 도어대시 기사 앱 화면에는 “픽업이나 배달은 필요 없음(No pickup or delivery required)”이라는 안내와 함께 11.25달러를 지급하는 제안이 표시됐다.양사는 올해 초 시작된 파일럿 파트너십의 일환이라고 확인했다. 양사는 공동 성명에서 “드물게 차량 문이 열린 채로 남아 차량이 출발하지 못하는 경우, 인근 도어대시 기사에게 알림을 보내 신속히 차량을 도로로 복귀시키고 있다”라고 밝혔다. 다만 해당 업무에 대한 비용을 웨이모가 직접 지급하는지 여부는 공개하지 않았다. 대신 “보상 구조는 기사들에게 경쟁력 있고 공정한 보상이 되도록 설계됐다”라고 설명했다.이번 사례는 미국 로보택시 산업의 현실을 단적으로 보여준다. 웨이모는 미국 로보택시 시장을 선도하고 있지만, 차량 운행과 유지에는 여전히 상당한 인력이 필요하다. 차량 기지에서는 매일 청소·충전·정비를 담당하는 기술 인력이 상주하고 있으며 예외 상황이 발생하면 외부 플랫폼 노동자까지 동원되는 구조다.웨이모는 도어대시 외에도 차량 공유업체 우버와 협력해 애틀랜타, 피닉스, 오스틴 등지에서 우버 앱을 통한 무인 차량 호출 서비스를 제공하고 있다. 피닉스에서는 도어대시와 별도의 자율주행 배송 파트너십도 운영 중이다. [실리콘밸리 원호섭 특파원]",https://n.news.naver.com/mnews/article/009/0005637091
22,'유령입자' 중성미자 찾는 '눈' 남극 얼음 2km 아래 600개 추가,"줄에 매달린 검출기가 얼음구멍을 따라 하강하고 있다. 아이스큐브 협력단/미국 국립연구재단(NSF) 제공   2km 두께의 남극 얼음 아래에서 우주의 기본입자인 '중성미자'의 비밀을 밝히는 거대 과학실험 장치 '아이스큐브(IceCube)'가 가동을 시작한 2011년 이후 약 15년 만에 업그레이드됐다. 중성미자의 흔적을 포착하는 초고감도 검출기가 기존 5160개에서 약 5800개까지 늘어났다.   한국 과학자들도 포함된 국제 공동프로젝트 팀인 아이스큐브 협력단(IceCube Collaboration)은 12일(현지시간) 남극 아문센-스콧 기지에 위치한 아이스큐브가 업그레이드를 마쳤다고 밝혔다. 2019년 미국 국립연구재단(NSF)의 업그레이드 예산 승인 이후 7년 만이다.  
남극 아문센-스콧 기지에 있는 아이스큐브 연구소 전경. 아이스큐브 협력단/미국 국립연구재단(NSF) 제공  ● 깊이 2.4km 얼음구멍 6개 뚫어 검출기 600여 개 추가   중성미자는 우주의 기원 등 근본적인 질문에 답을 찾아줄 단서로 꼽히지만 연구하기엔 매우 까다롭다. 질량이 거의 없고 전하도 띠지 않아 다른 물질과의 상호작용이 거의 없어 '유령 입자'라는 별명이 붙을 정도로 검출이 어렵다. 중성미자는 이미 과학자들에게 노벨상을 4번이나 안겼지만 아직도 밝혀낼 부분이 많이 남아 있다.   과학자들은 중성미자를 간접적으로 찾아낸다. 아이스큐브는 남극에 자연적으로 존재하는 거대하고 순수한 얼음층을 덫처럼 이용한다. 중성미자가 매우 낮은 확률로 얼음 입자와 부딪쳐 상호작용할 때 발생하는 이차입자(secondary particle)를 확인하는 방식이다.  
아이스큐브 업그레이드 개요. 깊이 2.4km 얼음구멍 6개를 새로 뚫어 검출기 600개 이상을 추가했다. 아이스큐브 협력단/미국 국립연구재단(NSF) 제공   중성미자 충돌로 나온 이차입자의 속도가 얼음을 통과하는 빛의 속도보다 빠르면 희미한 빛이 나오는 '체렌코프 현상'이 일어난다. 체렌코프 현상으로 발생한 빛을 관측해 충돌한 중성미자의 에너지와 날아온 방향을 역추적하는 원리다. 아이스큐브 협력단 소속 한국 연구자인 하창현 중앙대 물리학과 교수는 ""항공기가 음속을 넘어설 때 음파가 압축되면서 발생하는 '소닉붐'의 파동과 비슷하다""고 설명했다.   검출기 설치 범위가 넓고 검출기가 촘촘히 배치될수록 중성미자의 특성을 더 정밀하게 측정할 수 있다. 아이스큐브에 매설된 기존 검출기는 5160개다. 이번 업그레이드를 통해 600개 이상의 검출기가 추가됐다.   
검출기가 달린 줄을 작업자들이 얼음구멍에 천천히 밀어넣고 있다. 아이스큐브 협력단/미국 국립연구재단(NSF) 제공   업그레이드는 고온·고압수 드릴로 남극 얼음에 약 2.4km 깊이 구멍을 깊숙이 뚫은 다음 검출기와 교정장비 등을 긴 줄에 매달아 내려 고정하는 과정으로 이뤄졌다. 한번 검출기를 매설하면 회수는 불가능하다.   6개의 줄마다 약 100개의 검출기가 배치됐다. 검출기당 다양한 크기의 광센서가 1개에서 많게는 24개까지 뭉쳐 있다. 기존 검출기보다 감도가 2~3배 높다. 새 검출기는 기존 매설 구역보다 깊은 곳에 더 촘촘히 배치됐다. 얼음의 특성이 더 좋은 것으로 평가되는 구역에 검출 범위를 확장한 개념이다.  
다양한 종류의 중성미자 검출기. 아이스큐브 협력단/미국 국립연구재단(NSF) 제공   업그레이드 시공은 완공까지 총 세 번의 겨울에 걸쳐 10주씩 진행됐다. 앞서 두 번의 겨울에는 드릴 장비와 작업 캠프 준비가 이뤄졌고, 올겨울 10주 안에 얼음 구멍 시추와 검출기 매설이 한번에 완료됐다. 시추 과정에서 빙하 속 생명체 흔적을 찾기 위한 샘플을 채취하고 지진계도 2대 설치됐다. 세계에서 가장 깊은 곳에 설치된 지진계다.   전체 사업 기간은 7년으로 신종 코로나바이러스 감염증(코로나19) 대유행으로 남극 출입이 금지되면서 3년 지연됐다. 하 교수는 ""전체 예산은 540억원 정도지만 하드웨어 비용만 산정한 것이라 실제 비용은 더 많이 들었을 것""이라고 설명했다.   차세대 업그레이드 계획인 '아이스큐브 젠투(Gen2)'는 기존 아이스큐브 규모를 확장해 부피를 8배 늘린다. 이번 업그레이드가 Gen2를 위한 시험대라고 볼 수 있다. Gen2 소요 예산은 이번 업그레이드의 10배로 예상된다.  
얼음 아래 2343m 지점에서 아래쪽 방향으로 촬영한 사진. 아이스큐브 협력단/미국 국립연구재단(NSF) 제공  ● 한국 학생들, 검출기 제작 주도   업그레이드된 아이스큐브에는 한국 연구팀 두 곳이 참여해 데이터 수집과 분석을 진행한다. 학생 6명을 포함해 총 8명 규모다.   하 교수팀은 중성미자 진동을 정밀하게 측정하는 실험에 주력한다. 중성미자 진동은 중성미자가 시간의 흐름에 따라 세 가지 유형으로 계속 변화하는 현상을 말한다. 진동 관측을 통해 아직 밝혀지지 않은 중성미자 3종의 질량 순서를 파악할 수 있을 것으로 기대된다.   노창동 성균관대 물리학과 교수팀은 아이스큐브를 통한 초고에너지 중성미자 관측과 고에너지 감마선 관측을 결합해 우주의 기원을 파악하는 데 집중한다. 중성미자가 지구에 도달한 과정을 추론하면 아주 먼 우주에서 벌어진 일을 알아낼 수 있다.  
아이스큐브 업그레이드 팀 단체사진. 아이스큐브 협력단/미국 국립연구재단(NSF) 제공   업그레이드의 핵심인 검출기 제작에는 성균관대 학생들의 기여가 컸다. 노 교수는 ""수년간 진행된 검출기 제작 및 테스트에 학생들의 땀과 노력이 많이 들어 있다""고 밝혔다.   유럽 지중해 바닥에 설치된 '큐빅킬로미터 중성미자 검출기(KM3NeT)', 지난해 가동을 시작한 중국의 주노(JUNO), 일본의 슈퍼카미오칸데, 미국에서 건설 추진 중인 듄(DUNE) 등도 아이스큐브와 비슷한 방식으로 중성미자를 검출하는 대형 장비다. 얼음 대신 물이나 기름, 액체 아르곤 등 다른 물질을 활용한다.  
2025년 미국 솔트레이크시티에서 열린 가을 아이스큐브 협력단 미팅 기념 단체사진. 아이스큐브 협력단/미국 국립연구재단(NSF) 제공",https://n.news.naver.com/mnews/article/584/0000036390
23,변경 약관 시행하고 롤백 외친 카카오 '2주 공백기' 우려,"이용자 데이터 수집 삭제한 약관 21일부터 시행… 지적 받은 약관 변경 2주 동안 유지
카카오가 이용자 정보 수집 관련 약관을 수차례 개정하면서 고객들의 혼란이 가중되고 있다. /그래픽=강지호  개인정보 수집과 관련한 약관 개정을 두고 잇따라 입장을 바꾸던 카카오가 백기투항했다. 약관 내용에 동의하지 않을 경우 국민 필수 메신저 카카오톡 이용계약을 해지할 수도 있다고 밝혀 여론의 뭇매를 맞던 카카오는 오해의 소지를 없애기 위해 해당 조항을 약관에서 삭제하기로 했다. 이전 약관으로 되돌리는 이른바 '롤백' 개정 시행에 2주가량 유예기간을 둬 주목받는다. 카카오는 지난 2월6일 통합서비스약관과 카카오 서비스약관을 이용자 정보 수집 내용이 없는 개정 약관 이전 버전으로 돌아가겠다고 전했다. 회사는 ""최근 개정된 약관 내용에 대한 오해로 이용자 우려가 발생해 이를 해소하기 위해 관련 문구를 삭제하는 방향으로 약관을 개정하기로 했다""며 ""변경 약관은 오는 21일부터 적용된다""고 했다.당초 카카오는 개정 약관을 통해 이용자의 서비스 이용 기록과 이용 패턴 등을 수집해 맞춤형 콘텐츠 추천과 광고에 활용할 수 있도록 준비했다.  지난해 12월19일 카카오톡 이용약관 개정안을 공개하며 개인정보 수집 범위를 대폭 확대하는 조항을 새롭게 추가하겠다고 고지했다. 해당 약관은 지난 5일부터 시행될 예정이었으나 과도한 개인정보 수집 논란이 확산하자 시행된 지 하루 만인 6일 기존 약관으로 되돌리겠다며 입장을 번복했다.  문제는 이용자 선택권이 사실상 제한됐다는 것이다. 특정 조항만 선택적으로 거부할 수 없고 약관 전체에 동의해야만 서비스를 이용할 수 있는 구조였기 때문이다. 약관에 동의하지 않을 경우 서비스 이용 자체가 제한될 수 있다는 것도 논란으로 이어졌다. 일정 기간이 지나면 이용자의 명확한 의사 표시가 없어도 자동으로 동의한 것으로 간주하는 조항까지 포함되면서 개인정보 자기결정권 침해 우려가 확산됐다.비난이 일자 카카오는 지난 1월21일 약관에 '법령상 동의가 요구되는 경우 이용자의 별도 동의를 받는 등 관련 법령을 준수하고 개인정보와 프라이버시 보호를 위해 최선을 다한다'는 문구를 추가했다. 선언적 표현에 불과하다는 지적을 받으며 여론을 잠재우는 데 실패했다.이번 약관 롤백은 오는 21일부터 시행되는 만큼 5일부터 시작된 약관은 그날까지는 유지된다. 지난 5일부터 21일까지는 이용자 데이터를 수집할 수 있는 것이다. 바뀐 약관을 두고 7일 내 거부 의사를 밝힐 수도 있었지만 5일부터 11일까지 묵시적 동의 기간 내 별다른 이의를 제기하지 않으면 해당 기간에도 데이터를 모을 수도 있다. 최대한 빨리 약관을 개정해 이용자들의 혼란을 줄이는 게 맞지만 롤백까지  2주 가까운 기간을 두는 것에 대해 석연치 않다는 시각이 있다.  플랫폼업계 관계자는 ""약관 재개정 시점까지 합법적으로 데이터를 수집한 뒤 활용 가능성을 검토하려는 의도일 수도 있다""며 ""브랜드 메시지 서비스에도 도움이 될 것""이라고 전했다. 이른바 '스터디 케이스'를 만들기 위한 시간 벌기라는 해석이다. 카카오는 지난해 5월 기업이 보유한 기존 마케팅 수신동의를 근거로 채널 추가 없이도 광고성 메시지를 발송할 수 있는 서비스인 브랜드 메시지를 출시한 바 있다.법조계 관계자 역시 ""약관 롤백까지 공백 시간이 있는데 이 기간 동안 카카오가 이를 활용할 가능성을 배제할 수 없다""고 말했다. 카카오는 약관 롤백 고지는 공정위 지침을 참고한 자사 약관 규정에 따라 2주 전 알렸다는 입장이다. 카카오 관계자는 ""이용자 동의 없이 이용기록과 이용패턴을 활용하지 않고 법령상 동의가 요구되는 경우 이용자의 별도 동의를 필수로 받고 있다""며 ""기존 공지했던 약관 개정으로 이용기록과 이용패턴을 활용할 수 있는 것은 아니다""라고 했다. 카카오는 약관상 명시된 내용으로는 실질적인 정보 수집이 불가능하다고 설명하지만 고객과의 약속인 서비스 약관을  경시했다는 지적이 뒤따른다. 게다가 롤백을 진행할 계획이라면 개정 약관이 시행되기 전 이를 바로잡아야 적절했다는 비판도 있다. 또 다른 플랫폼업계 관계자는 ""자사에 유리하게 약관을 바꿔 놓은 후 문구 변경은 실효성이 없다고 한다면 전국민이 사용하는 서비스를 제공하는 기업으로서 반성해야 할 부분""이라며 ""롤백을 하겠다면서 개정 약관이 시작된 이후 이를 공지한 것은 잘못된 부분""이라고 전했다.",https://n.news.naver.com/mnews/article/417/0001129885
24,'삼성 TV 플러스' 월이용자 1억명 돌파,"30개국 4300개 채널 운영…무료 스트리밍 시장 리더십 강화삼성전자는 광고 기반 무료 스트리밍(FAST) 서비스 '삼성 TV 플러스'가 전 세계 월간 활성 사용자 수(MAU) 1억 명을 돌파했다고 13일 밝혔다.2024년 10월 8천800만명을 기록한 이후 약 1년 2개월 만에 1200만명이 증가한 수치다. 지난 19년간 글로벌 TV 시장을 주도한 삼성전자 하드웨어 리더십이 이제 미디어 플랫폼이라는 생태계로 확장되고 있음을 보여주는 성과로 평가된다.삼성 TV 플러스는 별도 가입이나 결제 없이 즉시 시청 가능한 서비스로 차별화된 경험을 제공해왔다. 코드커팅 현상이 확산되는 상황에서 이러한 전략이 하나의 대안적 시청 방식으로 자리 잡았다는 분석이다.
삼성 TV 플러스 (사진=삼성전자)FAST 서비스는 TV를 켜는 즉시 콘텐츠를 시청할 수 있는 전통적 TV의 직관성과, 취향에 맞는 콘텐츠를 골라보는 OTT의 다양성을 결합한 모델이다. 간편한 시청 경험을 원하는 전 세계 시청자를 흡수하고 있다.삼성 TV 플러스는 2015년 FAST 개념이 정립되기 이전에 이미 출범해, 삼성 스마트 TV에 기본 탑재된 무료 채널 서비스를 제공해왔다. 별도 가입이나 결제, 추가 장비 없이 TV를 켜면 실시간 콘텐츠를 시청할 수 있다.초기에는 일부 국가에서 제공되는 기본 무료 채널 서비스 성격이 강했지만, 미국 주요 방송사들이 FAST 시장에 진입하면서 광고 기반 무료 스트리밍이 하나의 시장으로 자리 잡았다. 삼성전자는 삼성 TV 플러스를 독립적인 미디어 플랫폼으로 육성해왔다.AI 기술을 활용한 콘텐츠 고도화도 강점이다. '올인원 AI 통합 채널'을 통해 AI 기반 화질·음질 개선 기술을 적용, 2000년대 인기 드라마를 고화질로 재구성해 제공하고 있다.또 '빠니보틀', '힙으뜸' 등 인기 크리에이터 채널을 편성해 여행·운동 중심 라이프스타일 웹예능 콘텐츠를 강화했다. 국내 FAST 플랫폼 최초로 'KBS 뉴스 24', 'SBS No.1 뉴스라이브' 등 지상파 24시간 뉴스 채널도 도입했다.국내 대표 콘텐츠 기업들과 협업해 프리미엄 K-콘텐츠를 대규모로 선보이며 미국 최대 K-콘텐츠 공급자 반열에 올랐고, 글로벌 콘서트 라이브 이벤트 중계로 한류 팬층 확대에도 나서고 있다.현재 삼성 TV 플러스는 전 세계 30개국에서 약 4천300개 채널과 7만6천여 편의 VOD를 무료 제공하고 있다. 각 지역 로컬 방송사 및 콘텐츠 제작사와의 파트너십을 통해 지역 맞춤형 콘텐츠를 확대하며 글로벌 FAST 생태계를 구축하고 있다.국내에서는 지상파를 비롯해 기존 IPTV에서 소비되던 주요 채널과 콘텐츠를 시청할 수 있는 환경을 마련했다. 별도 가입이나 이용 요금 없이 실시간 채널과 다양한 콘텐츠를 즐길 수 있어 유료 방송 의존도를 낮추는 대안으로 부상하고 있다.월간 1억 명 시청 규모는 글로벌 3대 메이저 방송사와 대등한 수준이라는 평가다. 삼성 TV 플러스가 단순한 TV 부가 기능을 넘어 글로벌 미디어 기업과 어깨를 나란히 하는 플랫폼으로 성장했음을 의미한다.삼성전자는 앞으로도 ▲셋톱박스 없이 가능한 즉시 시청 ▲AI 기반 콘텐츠 큐레이션 ▲지속적 콘텐츠 업데이트 경쟁력을 바탕으로 글로벌 미디어 생태계 내 역할을 확대해 나갈 계획이다.최준헌 삼성전자 영상디스플레이사업부 TV 플러스 그룹장은 ""삼성 TV 플러스는 전 세계 시청자 일상 속에서 자연스럽게 소비되는 글로벌 미디어 플랫폼으로 성장했다""며 ""채널 다각화와 프리미엄 콘텐츠 확보를 통해 FAST 시장에서 차별화된 경쟁력을 지속 강화하겠다""고 말했다.",https://n.news.naver.com/mnews/article/092/0002410632
25,인간 눈보다 4배 빨리 움직임 감지하는 반도체,"中 연구팀, 반도체 칩으로 구현… 영상 움직임 감지해 분석 속도↑
뇌의 시각 처리 원리를 모방한 반도체 칩이 기존보다 4배 빠르게 영상 속 움직임을 감지하는 데 성공했다. 게티이미지뱅크 제공   사람의 눈보다 4배 빠르게 사물의 움직임을 감지하는 '로봇 눈'과 같은 반도체 칩이 나왔다. 사람의 뇌가 시각 정보를 처리하는 원리를 반도체 칩에 적용해 인간의 시각 능력을 뛰어넘었다.  가오 중국 베이징항공항천대 교수와 리타오 베이징이공대 교수 공동 연구팀은 사람의 시각 처리 과정을 모방해 영상 속 움직임을 빠르게 잡아내는 반도체 칩을 개발하고 연구결과를 국제학술지 '네이처 커뮤니케이션즈'에 10일(현지 시간)에 공개했다.    자율주행차나 드론이 주변 환경을 인식하려면 장착된 카메라에 담기는 영상에서 물체가 어디로 얼마나 빠르게 움직이는지 실시간으로 계산해야 한다. 지금까지는 영상 전체의 화소를 하나하나 분석해야 해 실시간 계산이 쉽지 않았다. 일반 TV 화질 수준의 영상 한 장을 처리하는 데 0.6초 넘게 소요됐다. 자율주행차나 드론이 실시간으로 판단을 내리기엔 느린 속도다.   연구팀은 뇌의 시각 처리 원리에서 해법을 찾았다. 사람의 뇌는 눈으로 본 장면을 한꺼번에 처리하지 않는다. 망막이 빛을 받아들이면 시각 정보를 뇌로 전달하는 중계 기관인 외측슬상핵이 움직임이 생긴 곳을 먼저 골라내고 대뇌 시각 영역이 해당 부분만 집중 분석한다.    연구팀은 이 원리를 반도체 칩으로 구현했다. 뇌의 신경세포가 서로 신호를 주고받는 연결 방식을 모방해 전류 흐름을 조절하는 반도체 부품인 트랜지스터를 격자 형태로 칩에 배열했다. 이같은 트랜지스터 배열은 영상의 밝기 변화를 감지해 물체가 움직이는 영역만 추려낼 수 있다. 칩이 움직임이 있는 영역만 골라내면 기존 소프트웨어는 영상 전체 대신 칩이 골라낸 좁은 영역만 분석하면 된다. 처리할 양이 줄어드는 만큼 속도가 빨라지는 원리다.   개발된 트랜지스터는 0.1밀리초(ms, 1밀리초는 1000분의 1초) 만에 밝기 변화에 반응하고 전원이 꺼져도 1만 초 넘게 정보를 유지하며 8000회 이상 반복 사용이 가능하다.   연구팀은 자율주행차, 드론, 로봇팔 조작, 탁구 경기 등 다양한 상황에서 개발한 칩을 시험했다. 실험 결과 평균 4배 빠른 속도로 움직임을 감지하면서도 정확도는 기존과 비슷하거나 오히려 높아졌다. 자율주행차 주행 상황에서는 영상 처리 시간이 약 0.2초 줄어 시속 80km를 달리는 자동차가 전방에 물체를 감지하고 멈추는 제동 거리가 4.4m 단축됐다. 드론 비행에서도 반응 시간이 3분의 1 이하로 줄어 움직이는 물체를 실시간으로 추적했다.   연구팀은 ""이번 연구는 뇌의 시각 처리 원리를 반도체 칩에 적용해 영상 분석 속도를 사람 수준 이상으로 끌어올린 것""이라며 ""자율주행차의 충돌 회피나 드론의 실시간 물체 추적은 물론 로봇이 사람의 몸짓을 읽고 즉각 반응하는 분야까지 적용할 수 있을 것""이라고 밝혔다.",https://n.news.naver.com/mnews/article/584/0000036389
26,"""최가온 경기 보고 싶은데 어디서 보나요?""…네이버 '반사수혜' [2026 밀라노올림픽]","최가온 한국 최초 금메달에도 주목도 떨어져
스노보드 최가온이 12일(현지시간) 이탈리아 리비뇨 스노파크에서 열린 2026 밀라노·코르티나담페초 동계올림픽 스노보드 여자 하프파이프 시상식에서 금메달을 들고 기뻐하고 있다. 사진=뉴스12026 밀라노·코르티나담페초 동계올림픽에서 '2전3기'의 감동 스토리까지 곁들여 한국 스키 사상 최초로 동계올림픽 금메달을 획득하는 쾌거를 이뤘는데도 생중계를 보기 어려웠다는 아쉬움이 흘러나왔다. 스트리밍 플랫폼 네이버 치지직이 이 틈을 파고들어 반사수혜를 봤다는 평가가 나온다. 스노보드 국가대표 최가온 선수(세화여고)는 13일(한국시간) 이탈리아 리비뇨 스노파크에서 열린 밀라노·코르티나담페초 동계 올림픽 스키 스노보드 여자 하프파이프 결선에서 금메달을 목에 걸었다. 이번 동계올림픽 한국 선수단 첫 금메달이자 한국 스키의 동계올림픽 1호 금메달을 획득한 것이다. 스토리가 극적이었다. 1차 시기에서 부상을 입는 악재 속에서도 끝까지 포기하지 않고 3차 시기 최고점을 따내는 역전 우승으로 감동을 선사했다.하지만 같은 시간대 쇼트트랙 경기가 중계되면서 각종 사회관계망서비스(SNS)와 온라인 커뮤니티에선 '불굴의 보더' 최가온의 활약상을 제대로 감상하지 못했다는 불만이 나왔다.한 누리꾼은 ""최가온 선수 마지막 3차 경기하는 것 잠시 보여주더니 바로 쇼트트랙 경기로 넘어가 시상식도 안 보여주고 금메달 소식도 안 전해줘서 뉴스 속보 보고 알았다""고 비판했다. ""스노보드를 잠깐 비추고 쇼트트랙으로 넘어갔다""거나 ""금메달 확정 장면이 충분히 안 잡혔다""는 지적도 적지 않았다.최가온의 경기는 이번 동계올림픽 독점 중계권을 확보한 JTBC의 케이블 채널 'JTBC 스포츠'를 통해 중계됐지만 주목도가 다소 떨어지는 것 아니냔 반응도 일부 나왔다.반면 네이버는 스트리밍 플랫폼 '치지직'을 앞세워 스포츠 팬심을 사로잡았다. 치지직을 통해 최가온의 경기 장면을 전부 지켜봤다는 이들이 적지 않았다. 치지직에서 송출된 한 '밀라노 동계올림픽 스노보드 여자 빅에어 결선' 라이브·다시보기 영상의 경우 5만회에 육박하는 시청 횟수를 나타내기도 했다. 치지직은 동계올림픽 '같이보기'로 재미를 더하면서 호평을 끌어내고 있다. 경기를 보는 스트리머의 실시간 반응을 공유하면서 올림픽을 함께 시청하는 경험이 흥미를 유발하고 있다는 분석이다. 네이버는 치지직을 통해 쇼트트랙뿐 아니라 스피드스케이팅, 봅슬레이, 컬링, 피겨스케이팅 등 동계올림픽 모든 종목에 걸쳐 전경기를 생중계한다. 지난해 하얼빈 동계아시안게임 당시에도 치지직 같이보기로 인기를 끌었던 경험을 살린 것이다. 아울러 동계올림픽 일정·결과, 관련 이슈를 요약해 제공하고 관련 영상·클립·중계로 이어지는 'AI 브리핑'을 지원한다. 주건범 네이버 스포츠·엔터서비스 리더는 ""동계올림픽을 시작으로 네이버는 올해 북중미 월드컵, EWC, LCK 등 글로벌 인기 IP를 활용한 다양한 이벤트를 준비하고 있다""고 말했다.",https://n.news.naver.com/mnews/article/015/0005251154
27,"삼성 TV 플러스, 전세계 1억명이 본다","삼성전자의 광고 기반 무료 스트리밍(FAST) 서비스가 전 세계 월간 활성 사용자 수(MAU) 1억명을 돌파했다.삼성전자는 '삼성 TV 플러스' 사용자가 약 1년 2개월만에 1200만명 증가했다고 13일 밝혔다. 삼성 TV 플러스는 별도의 가입이나 결제 없이 즉시 시청 가능한 무료 스트리밍 서비스다.삼성 TV플러스는 2015년부터 제공하던 서비스다. 미국 주요 방송사들이 FAST 서비스를 출시하면서 삼성전자 역시 삼성 TV 플러스를 독립 미디어 플랫폼으로 육성해 이룬 성과다. '빠니보틀', '힙으뜸' 등 인기 크리에이터 채널을 편성하는 것은 물론 국내 FAST 플랫폼 최초로 'KBS 뉴스 24', 'SBS No.1 뉴스라이브' 등 지상파 24시간 뉴스 채널도 도입했다.삼성 TV 플러스는 현재 전 세계 30개국에서 약 4300개 채널과 7만6000여편의 주문형 비디오(VOD)를 무료 제공 중이다.삼성전자는 앞으로도 삼성 TV 플러스를 통해 글로벌 미디어 생태계 전반에서의 역할을 더욱 확장해 나갈 계획이라고 밝혔다.최준헌 삼성전자 영상디스플레이사업부 TV Plus 그룹장은 “삼성 TV 플러스는 전 세계 시청자의 일상 속에서 자연스럽게 소비되는 글로벌 미디어 플랫폼으로 성장했다“라면서 “앞으로도 채널 다각화와 프리미엄 콘텐츠 확보를 통해 FAST 시장에서 차별화된 경쟁력을 지속적으로 강화해 나갈 것“이라고 밝혔다.
류근일 기자 ryuryu@etnews.com",https://n.news.naver.com/mnews/article/030/0003399400
28,"[AI 리더스] ICT 규제 대응 '톱티어' 박지연…""태평양 TMT, 복합 리스크 해결 자신""","ICT 규제 지형 급변에 로펌도 조직 재편…TMT 그룹 중심 '종합 솔루션' 체계 구축인공지능(AI)과 플랫폼 산업 확산으로 ICT 규제가 산업 전반으로 확대되면서 로펌 조직 구조도 변화하고 있다. 과거 '사후 처벌'에 그쳤던 규제도 전례 없는 불확실성에 직면하면서 이제 서비스 기획 단계부터 개입하는 '사전 설계' 중심으로 패러다임이 바뀌고 있는 분위기다.법무법인 태평양(BKL)이 기존 TMT(Technology∙Media∙Telecommunication)팀을 올 들어 'TMT그룹'으로 격상한 것도 이 같은 환경 변화를 반영한 조치다. 국내 로펌 최초로 TMT 전담팀을 만든 태평양은 이번에 다시 한 번 조직 체계를 고도화함으로써 국내 2위를 넘어 1위 로펌으로 도약하기 위한 발판 마련에 본격 나섰다.
법무법인 태평양의 TMT 그룹을 이끌게 된 박지연 변호사 (사진=법무법인 태평양)태평양 TMT그룹을 이끌게 된 박지연 변호사는 13일 지디넷코리아와의 인터뷰에서 ""ICT 산업에서는 이제 규제 불확실성 자체가 기업 경쟁력의 중요한 변수로 작용하고 있다""며 ""사건 대응을 넘어 사업 설계 단계부터 리스크를 함께 검토하는 조직이 로펌에서도 필요해졌다""고 말했다.이어 ""단순한 법률 해석을 넘어 정책적 가이던스와 비즈니스 구조를 동시에 설계하는 '종합 솔루션'이 로펌의 본업이 됐다""며 ""TMT그룹 격상은 단순한 외형 확대가 아니라 복합 규제 환경에 대응하기 위한 전략적 재편""이라고 강조했다.국내 최초 TMT팀, 그룹 체제로 재편…사건 대응서 '전략 설계'로태평양은 1980년대 후반 국내 로펌 최초로 TMT 전담팀을 출범시켰다. 당시에는 통신·방송·IT 규제가 산업 전반의 핵심 변수로 부상하던 시기였다. 이후 인터넷과 모바일 환경이 확산되면서 ICT 규제는 플랫폼과 개인정보 영역으로 빠르게 확대됐다. 최근에는 디지털금융·가상자산·AI까지 포함하는 다층적 구조로 진화하면서 개별 법률 이슈가 아니라 복합 규제 환경 전체를 다뤄야 하는 단계에 들어섰다. 이 같은 질적 변화에 대응하기 위해 태평양은 기존 팀 단위 체계에 변화를 줬다. ICT 산업이 복합 규제 환경으로 빠르게 전환되면서 각 사건에 대해 정책 변화, 기술 구조, 시장 전략 등을 각각 따로 자문하지 않고 하나의 의사결정을 중심으로 하는 원스톱 통합 대응 체계를 구축하는 것이 필요하다고 판단해서다.또 TMT 그룹장으로 박지연 변호사(사법연수원 31기)도 선임했다. 박 그룹장은 AI, 방송·통신, 개인정보, 게임, 디지털금융, 블록체인 등 각 영역에서 풍부한 경험과 전문성을 갖춘 박종백(18기), 류광현(23기), 김영수(29기), 강태욱(31기), 이정명(34기), 윤주호(35기), 정상훈(35기), 이수화(변시1회), 이강혜(변시2회), 이준호(변시5회), 오세인(변시5회), 박주성(변시5회) 변호사 등과 함께 업무를 수행하게 됐다. 여기에 글로벌 빅테크 기업 자문 경험을 바탕으로 국제 감각을 갖춘 손지영 외국변호사와 정호영 외국변호사도 참여했다.특히 박 그룹장은 '2026 챔버스(Chambers Asia-Pacific) TMT 분야 리딩로이어'와 '2025 ALB(Asian Legal Business) 아시아 TMT 우수 변호사 50인'에 선정된 ICT 분야의 대표적인 전문가란 점에서 업계에서도 높은 관심을 받고 있다.박 그룹장은 ""과거에는 방송·통신·IT 기업 중심의 규제 대응이 주된 업무였다""며 ""지금은 디지털 전환이 전 산업으로 확산되면서 관련 규제가 모든 산업에 적용되는 환경이 됐다""고 설명했다.그러면서 ""플랫폼, 개인정보, AI 등 여러 규제가 동시에 작동하는 지금 구조에서는 개별 사건 중심 대응만으로는 충분하지 않다""며 ""앞으로는 사업 구조 설계 단계부터 법·정책·기술 리스크를 함께 검토해야 한다""고 강조했다.
법무법인(유한) 태평양 TMT그룹의 확대 개편을 기념해 박지연 그룹장(앞줄 오른쪽에서 다섯번째)을 비롯한 TMT그룹 전문가들이 사진촬영을 하고 있다. (사진=법무법인 태평양)특히 AI 확산 이후 규제가 사후 제재 중심에서 사전 설계 중심으로 전환되면서 TMT 그룹의 역할 범위도 한층 확대되고 있다. 정부가 가이드라인 제시와 사전 설명회를 통해 기업의 선제적 대응을 요구하는 방향으로 정책 기조를 조정하고 있어서다.박 그룹장은 ""AI 기본법처럼 최근 시행과 동시에 가이드라인을 제시하는 방식이 늘고 있다""며 ""기업도 기획 단계에서부터 규제 대응을 전제로 의사결정을 해야 하는 환경""이라고 진단했다.이어 ""서비스가 이미 시장에 안착한 이후 규제가 들어오면 구조를 바꾸는 데 훨씬 더 큰 비용이 든다""며 ""초기 단계에서부터 규제 리스크를 예상하고 대응 시나리오를 준비하는 것이 리스크를 최소화하는 방법""이라고 덧붙였다.그는 이 과정에서 로펌의 역할은 단순히 위험을 경고하는 데 그쳐서는 안 된다고 강조했다. 규제 리스크의 성격과 수준을 구체적으로 분석해 기업이 감수 가능한 범위를 판단할 수 있도록 기준을 제시하는 것이 중요하다고 봤다. 또 규제가 사후적으로 집행되는 구조에서는 기업이 이미 시장에 진입한 이후에야 부담이 현실화되는 만큼, 초기 단계에서의 판단도 더욱 중요해지고 있다고 피력했다.박 그룹장은 ""사후 제재 중심 접근으로는 빠르게 변화하는 AI 환경을 따라가기 어렵다""며 ""사전 설계 단계에서 법·정책 검토가 함께 이뤄지는 구조로 전환돼야 한다""고 강조했다.매트릭스 협업, 고난도 사건서 성과태평양 TMT 그룹의 차별점으로는 '매트릭스 조직 체계'가 꼽힌다. 태평양은 법인 차원에서 부서 간, 전문가 간 벽을 허무는 협업 구조를 운영 중으로, 특정 부서 중심이 아닌 사건 성격에 따라 변호사·고문·전문위원이 유기적으로 참여하도록 유도하고 있다.실제 TMT 그룹에는 과학기술정보통신부 차관을 역임한 조경식 고문과 과학기술정보통신부 지식재산전략기획단장을 지낸 정완용 고문, 정보통신산업진흥원장 출신 허성욱 고문, 방송미디어통신위원회 출신 황선철 고문, 과학기술정보통신부 출신 조현진 전문위원, 정보통신정책연구원 출신 김득원 전문위원, 금융감독원을 거쳐 빗썸 부사장을 지낸 최희경 전문위원, 한국인터넷진흥원 출신 여돈구 전문위원 등도 함께 참여해 정책·제도 변화에 대한 입체적인 분석과 전략적 자문을 제공 중이다.
법무법인 태평양의 TMT 그룹을 이끌게 된 박지연 변호사 (사진=법무법인 태평양)덕분에 태평양은 그간 복합 규제 리스크 사건에서 성과를 냈다. 바이낸스의 국내 가상자산시장 진출 자문, 메타 과징금 행정소송, 틱톡 개인정보위원회 조사 대응 등 고난도 사건에서 매트릭스 조직의 협업 역량을 발휘해 주목받았다. 이러한 성과에 힘입어 태평양은 지난해 총 매출 4702억원을 기록하며 법무법인 광장을 꺾고 로펌업계 2위로 올라섰다.박 변호사는 ""우리는 파트너 변호사들이 업계 동향과 주요 쟁점을 실시간으로 공유한다""며 ""개인의 판단이 아니라 집단적 논의를 통해 전략을 정리하는 구조가 TMT 그룹의 핵심 경쟁력""이라고 말했다. 이어 ""담당 파트너가 큰 방향만 설정하는 것이 아니라 규제기관 대응과 주요 서면 작성까지 직접 관여하는 점도 차별화 요소""라며 ""서비스 구조와 기술 작동 방식까지 정확히 이해해야 실효성 있는 자문이 가능한 만큼, TMT 그룹처럼 정책·기술 이해를 함께 갖춘 협업 구조가 필요하다""고 덧붙였다.또 그는 변호사가 어디까지 기술을 이해해야 하는지에 대해서도 구체적인 기준을 제시했다. 특히 AI·플랫폼 분야에서는 데이터 흐름과 시스템 설계 방식에 따라 법적 평가가 달라질 수 있다는 점을 강조했다.박 그룹장은 ""변호사는 서비스가 어떤 구조로 작동하고, 데이터가 어떤 경로로 수집·처리·활용되는지를 정확히 이해해야 한다""며 ""이를 통해 실제 위법 리스크를 제대로 진단할 수 있을 것""이라고 밝혔다.가상자산·사이버 리스크, 전담 조직으로 선제 대응TMT 그룹 내 디지털자산TF와 사이버침해 대응센터 신설도 이러한 복합 규제 환경에 대응하기 위한 조치다. 디지털자산은 제도권 편입이 진행되고 있지만 정책 방향이 빠르게 변화하는 영역으로, 규제 불확실성이 큰 분야로 꼽힌다.사이버 침해 역시 단순한 법률 문제에 그치지 않는다. 사고 발생 시 규제기관 조사 대응은 물론, 평판 관리와 대정부·국회 대응까지 동시에 요구되는 고위험 사안으로 확장되고 있다.이에 태평양은 TMT 그룹 아래 각각의 전문성 강화를 위해 디지털금융, 가상자산을 전담하는 '디지털자산TF'와 해킹∙정보유출 등 사이버 보안 리스크에 대응하는 '사이버침해 대응센터'의 수장으로 각각 강태욱 변호사, 윤주호 변호사를 선임했다. 이를 통해 여러 이슈가 결합된 복합 위기 상황에서도 신속하고 일원화된 대응이 가능하도록 통합 대응 체계를 갖췄다.박 그룹장은 ""가상자산은 규제 체계가 정립되는 과정에 있고, 사이버 침해는 기업 존립과 직결되는 리스크로 부상했다""며 ""사건 발생 이후 대응뿐 아니라 사전 준비와 통합 관리 체계가 필요하다""고 말했다.이어 ""특히 사이버 침해는 조사 대응만으로 끝나는 사안이 아닌, 규제기관 대응과 언론 대응, 향후 서비스 구조 정비까지 동시에 고려해야 하는 복합 이슈""라며 ""이처럼 여러 리스크가 동시에 작동하는 영역일수록 개별 사건 대응이 아니라 통합적인 전략 수립이 중요하다""고 덧붙였다.또 그는 대형 사고 중 상당수가 접근 통제 미비, 내부 관리 소홀 등 기본적인 통제 장치의 허점에서 비롯된다는 점도 지적했다. 이에 보안을 단순 비용이 아닌 기업의 지속 가능성과 직결된 필수 투자로 인식해야 한다고 강조했다.박 그룹장은 ""실제 사고를 보면 기본적인 보안 조치 미비나 내부 관리 부실에서 비롯되는 경우가 적지 않다""며 ""보안은 비용이 아니라 기업의 신뢰와 존립을 지키기 위한 최소한의 투자라는 인식 전환이 필요하다""고 말했다. 이어 ""사고가 발생한 뒤 대응 비용과 평판 훼손까지 감안하면, 사전 투자와 내부 통제 강화가 오히려 훨씬 합리적인 선택""이라고 덧붙였다.""복합 규제 시대, 기업 전략 파트너로 도약""이를 바탕으로 박 그룹장은 태평양 TMT그룹을 단순한 규제 대응 조직이 아닌 '전략 파트너'로 자리매김하겠다는 구상을 밝혔다. AI·플랫폼·디지털금융 등 규제가 중첩되는 환경에서는 법령 해석을 넘어 정책 기조와 사업 구조를 종합적으로 판단해야 한다는 점에서다.그는 ""ICT 규제는 고정된 체계라기보다 산업과 상호작용하며 계속 변화하는 성격이 강하다""며 ""완결된 법을 적용하는 것이 아니라 형성 과정에 있는 제도를 어떻게 해석하고 대응할지 판단하는 영역이 많다""고 말했다. 이어 ""이럴수록 단편적인 자문이 아니라 사업 구조 전반을 함께 검토하는 접근이 필요하다""고 강조했다.특히 국내 규제와 글로벌 규제가 충돌하는 사례가 늘고 있는 점도 기업 부담을 키우는 요인으로 지목했다. 글로벌 빅테크 기업의 입장에서 플랫폼 규제, 개인정보 규제 수준 차이 등은 단순한 법률 문제를 넘어 전략적 판단을 요구하고 있다고 봤다.박 그룹장은 ""글로벌 규제와의 충돌뿐 아니라 국내에서도 규제기관마다 집행 기준이 달라 기업들이 혼란을 겪는 경우가 적지 않다""며 ""유사한 사안을 두고도 적용 법리와 제재 수위가 달라지는 상황은 기업 입장에서 예측 가능성을 떨어뜨리는 요인""이라고 지적했다.이어 ""이 과정에서 법률적 판단과 정책적 전망을 함께 제시하는 것이 로펌의 역할""이라며 ""규제 리스크를 통제 가능한 범위로 관리하면서도 사업 기회를 살릴 수 있는 해법을 제시하는 것이 TMT 그룹의 목표""라고 부연했다.
법무법인 태평양의 TMT 그룹을 이끌게 된 박지연 변호사 (사진=법무법인 태평양)또 그는 앞으로 TMT 그룹을 통해 단순 사건 대응을 넘어 규제 환경 변화에 대한 선제적 분석 기능도 강화할 계획이라고 밝혔다. 이를 위해 법령 개정 동향과 집행 기조를 상시 모니터링하고, 산업계의 애로사항을 정책 논의 과정에 반영하는 역할까지 확대하겠다는 구상이다.다만 그는 사건 발생 직후 여론에 밀려 규제가 급격히 강화되는 이른바 '반작용 입법'에 대해선 우려를 표했다. 산업에 미칠 파급효과를 충분히 검토하지 않은 채 강한 규제가 도입될 경우 오히려 시장 위축이나 규제의 사문화로 이어질 가능성도 있다고 봐서다. 이에 단기 대응이 아니라 큰 흐름을 보는 입법 설계가 필요하다고 강조했다.박 그룹장은 ""AI 시대에는 선례가 충분히 축적되지 않은 영역이 많다""며 ""결국 규제 방향을 읽고 복합 리스크를 종합적으로 판단할 수 있는 조직이 경쟁력을 갖게 될 것""이라고 말했다. 이어 ""TMT 그룹은 규제와 산업을 연결하는 접점에서 기업이 방향을 설정할 수 있도록 돕는 역할을 앞으로 더 강화해 나가겠다""고 마무리했다.",https://n.news.naver.com/mnews/article/092/0002410630
29,"""숨 고르기 끝""…중견 게임사, 신작 공세로 실적 반등 '시동'","펄어비스·카카오게임즈·위메이드 등 장르 다변화한 대형 신작 예고넥슨과 크래프톤, 넷마블 등 대형 게임사가 역대급 실적으로 K-게임 글로벌 확장을 견인한 가운데, 업계 허리를 담당하는 중견 게임사들이 바통을 이어받을 전망이다.지난해 신작 부재와 시장 침체로 잠시 숨을 골랐던 이들은 올해 '플랫폼 확장'과 '장르 다변화'를 핵심 전략으로 내세워 글로벌 시장에서 실적 반등을 예고했다. 단순한 회복을 넘어 체급 자체를 키우겠다는 절실함이 엿보이는 대목이다.가장 먼저 포문을 여는 곳은 펄어비스다. 펄어비스는 다음 달 20일 오픈월드 액션 어드벤처 '붉은사막'을 정식 출시하며 승부수를 띄운다. '붉은사막'은 광활한 파이웰 대륙을 배경으로 용병의 처절한 사투를 그린 작품으로, 싱글 플레이 기반 방대한 스토리와 높은 자유도의 액션이 특징이다.
펄어비스 '붉은사막'.최근 개발 완료를 의미하는 '골드행' 소식도 전하며 기대감이 더욱 높아지고 있다. 펄어비스는 트리플A급 콘솔 대작인 '붉은사막'을 통해 그간 실적 부진을 씻고 글로벌 게임사로서 입지를 확고히 한다는 계획이다. 차기작인 '도깨비(DokeV)' 역시 개발에 속도를 내며 연내 구체적인 정보를 공개할 예정이다.지난해 내실 다지기에 주력했던 카카오게임즈 역시 신작들을 전면에 내세워 체질 개선에 나선다.카카오게임즈는 하반기 서구권 시장을 겨냥한 대작 '아키에이지 크로니클'과 '크로노 오디세이'를 순차적으로 선보일 예정이다. 두 작품 모두 PC와 콘솔 플랫폼을 지원하는 액션 RPG로, 모바일 문법에서 벗어나 깊이 있는 게임성을 강조했다.이와 함께 좀비 생존 시뮬레이터 '갓 세이브 버밍엄', 글로벌 원빌드로 개발 중인 '오딘 Q' 등 장르적 색채가 뚜렷한 신작들로 포트폴리오를 다각화해 실적 반등 발판을 마련한다. 한상우 대표는 3분기부터 대형 신작이 순차적으로 출시됨에 따라 실적 반등 가시성이 높아질 것으로 전망했다.
'갓 세이브 버밍엄' 메인 이미지. 사진=카카오게임즈위메이드는 '글로벌 원빌드' 전략을 앞세워 효율성과 수익성 제고를 꾀한다. 위메이드는 1분기 중 '레전드 오브 이미르'를 스팀 플랫폼으로 확장하고, 연내 '나이트 크로우2', '미르5' 등 굵직한 신작을 순차적으로 선보인다.특히 국가별 버전을 따로 제작하지 않는 '글로벌 원빌드' 전략을 도입해, 전 세계 시장에서 동시에 흥행 모멘텀을 극대화한다는 전략이다.특정 IP 의존도를 낮추기 위한 장르 다변화 시도도 눈에 띈다. '뮤' IP 의존도가 높았던 웹젠은 올해 '서브컬처'와 '인디' 감성으로 타겟층 확장을 꾀한다.먼저 자체 개발 중인 수집형 RPG '테르비스'를 통해 서브컬처 팬덤 공략에 나선다. 또한 최근 출시돼 호평받은 액션 RPG '드래곤소드', 타워디펜스와 던전오펜스를 결합한 복합 장르 신작 '프로젝트 D1' 등 다양한 장르 신작으로 포트폴리오를 재편하며 성장 동력을 확보하고 있다.
컴투스 '도원암귀 크림슨 인페르노'.컴투스는 일본 인기 애니메이션 IP 기반 턴제 RPG '도원암귀 크림슨 인페르노'와 그리스 신화 기반 대형 MMORPG '프로젝트 ES' 등 개성 강한 타이틀을 준비 중이다. 컴투스홀딩스 또한 '파우팝 매치', '스타 세일러' 등 캐주얼부터 RPG를 아우르는 8종 이상 신작을 쏟아내며 공격적인 행보를 이어갈 방침이다.이처럼 주요 중견 게임사들이 천편일률적인 모바일 MMORPG 문법에서 벗어나 콘솔, 오픈월드, 서브컬처 등 글로벌 트렌드에 부합하는 '웰메이드' 신작으로 승부수를 띄우고 있다. 이는 K-게임 산업이 특정 장르 편중을 해소하고 다양성을 확보하는 질적 성장의 계기가 될 것으로 분석된다.",https://n.news.naver.com/mnews/article/092/0002410629
30,"어플라이드, 美 대중 수출통제 위반으로 벌금 2.5억달러 납부","한국 자회사 경유 재수출 적발…불법 거래 1.26억달러 규모美, 해외 법인 통한 우회 이전까지 관리…반도체 통제 강화미국 반도체 장비업체 어플라이드 머티어리얼즈(AMAT)와 한국 자회사 어플라이드 머티어리얼즈 코리아(AMK)가 중국을 겨냥한 미국의 수출통제 규정을 위반한 사안과 관련해 미국 정부에 거액의 벌금을 내기로 했다.미국 상무부 산하 산업안보국(BIS)은 11일(현지시간) AMAT·AMK와의 합의 내용을 발표하고, 두 회사가 총 2억5200만달러(약 3600억원)의 벌금을 납부하기로 했다고 밝혔다.
어플라이드 머티리얼즈 CI [사진=어플라이드 머티리얼즈 유튜브 캡처]BIS가 집행한 제재 가운데 두 번째로 큰 규모다.BIS에 따르면 AMAT은 중국 파운드리 업체 중신궈지(SMIC)에 반도체 제조장비인 이온주입 장비(ion implanters)를 공급해왔다. SMIC는 2020년 미국 상무부의 수출통제 명단에 등재된 상태다.또 AMAT가 2021~2022년 해당 장비를 한국의 AMK로 보내 조립한 뒤 중국으로 재수출하는 과정에서, 의무적으로 받아야 하는 미국 정부 허가를 신청하거나 승인받지 않았다고 전했다.BIS가 파악한 불법 수출 장비의 거래액은 약 1억2600만달러(약 1800억원)다.BIS는 규정상 불법 거래액의 최대 2배까지 벌금을 부과할 수 있다.BIS는 불법 수출에 책임이 있는 직원과 고위 경영진이 현재 AMAT·AMK에 재직하지 않는다고 덧붙였다.미국 정부는 첨단 반도체 기술이 중국으로 이전되는 것을 차단하기 위해 자국산 반도체와 제조장비의 대중 수출을 강하게 제한해 왔다.바이든 행정부 시기에는 한국과 일본, 네덜란드 등 주요 장비 생산국에도 대중 수출 규제 공조를 요구하며 통제 범위를 넓힌 바 있다.이번 BIS 조치는 미국 기업 본사뿐 아니라 해외 자회사 경로를 통한 장비 이전 가능성까지 관리 대상에 두고 있음을 보여준다는 해석이 나온다.한국에는 삼성전자와 SK하이닉스 등과 협력하는 미국 반도체 장비업체들의 현지 법인이 운영되고 있다.",https://n.news.naver.com/mnews/article/031/0001005833
31,"넥슨 ""메이플 키우기 전액 환불로 매출 1300억 감소 예상""","넥슨 일본법인, 주주 서한 통해 매출·영업이익 타격 규모 전망
메이플 키우기(넥슨 제공. 재판매 및 DB금지) ⓒ 뉴스1(서울=뉴스1) 김민재 기자 = 넥슨이 '메이플 키우기' 전액 환불 조치로 매출이 140억 엔(약 1300억 원)가량 줄어들 것이라고 내다봤다.13일 넥슨 일본법인에 따르면 회사는 전날(12일) 주주 서한을 통해 '메이플 키우기' 환불 규모와 재무적 영향을 공개했다.넥슨은 서한에서 4분기 실적과 올해 1분기 전망치에 환불로 인한 손실을 반영했다고 설명했다.이번 환불 조치로 인한 지난해 4분기 매출 감소 폭은 90억 엔(약 840억 원)으로 집계됐다.사측은 올해 1분기에도 50억 엔(약 460억 원)가량의 매출이 줄어들 것으로 내다봤다. 두 분기를 합산하면 매출 타격 규모는 총 140억 엔(약 1300억 원)이다.이번 사태로 지난해 4분기와 올해 1분기 영업이익은 70억 엔(약 650억 원) 줄어들 것으로 전망했다.경영진은 주주들에게 ""코딩 오류로 명시된 수치가 잘못 적용됐고, 이것이 이용자들의 기대에 미치지 못하는 성능 저하로 이어져 우려를 낳았다""고 설명했다.이번 사태는 '메이플 키우기' 내 유료 재화로 얻을 수 있는 최대 능력치 등장 확률을 사실과 다르게 표기했다는 게 드러나면서 불거졌다.넥슨은 논란이 커지자 '전액 환불'이라는 강수를 뒀다. 이용자들은 이달 15일까지 전용 페이지에서 환불을 접수할 수 있다.환불 신청 대상은 지난해 11월 6일부터 올해 1월 28일 오후 7시까지 애플리케이션(앱) 마켓 스토어에서 결제한 금액이다.",https://n.news.naver.com/mnews/article/421/0008773761
32,"SKT, 장중 8만8600원 '52주 신고가'…9만원선 눈앞","통신주 전반에 대한 밸류에이션 재평가·기관 수급 맞물려SK텔레콤 주가가 52주 신고가를 새로 쓰며 급등하고 있다.
정재헌 SK텔레콤 최고경영자(CEO) 프로필. [사진=SKT]SK텔레콤(CEO 정재헌)은 12일 오전 9시58분 기준 전일 대비 8000원(10.26%) 오른 8만6000원에 거래되고 있다. 시가총액은 18조5149억원까지 확대됐다.장중 한때 8만8600원까지 치솟으며 9만원선에 근접했다. 8만8600원은 52주 신고가다.이날 주가 급등은 미국 나스닥 지수가 부진한 흐름을 보이는 가운데 외국인과 기관 중심 수급 유입 영향으로 풀이된다. 상대적으로 방어적 성격을 지닌 통신주로 자금이 이동한 것으로 해석된다.전일(2월12일) 기준 투자자별 매매 동향을 보면 기관은 41만7073주를 순매수했다. 개인은 39만2903주를 순매도하며 차익 실현에 나선 모습이다.같은 날 기준 외국인 보유율은 38.61%다. 통신사업법에 따라 기간통신사업자 외국인 지분 보유 한도는 49%로 제한된다. 현재 보유율은 법적 상한 대비 약 10%포인트 가량 여력이 남아 있는 상태다.여기에 정부의 독자 AI 파운데이션 모델(독파모) 프로젝트 추가 공모 구도도 투자심리를 자극한 요인으로 거론된다. 1차 평가를 통과한 SK텔레콤과 LG AI연구원, 업스테이지 외 추가 공모에는 모티프테크놀로지스·트릴리온랩스 컨소시엄이 참여했지만, 네이버와 카카오 등 빅테크가 불참했다.SK텔레콤 측은 ""외국인 투자 확대 추세가 지속되고 있으며 실적 발표 이후 2026년에 대한 기대감, 독자 파운데이션 모델에 대한 AI 성과 기대감 등이 반영된 것으로 보인다""고 말했다.시장에서는 최근 통신주 전반에 대한 밸류에이션 재평가 기대와 보안사고 리스크 해소, 기관 수급이 맞물리며 단기 주가 탄력이 강화된 것으로 보고 있다. 52주 신고가 돌파를 계기로 투자심리가 추가 개선될지 주목된다.",https://n.news.naver.com/mnews/article/031/0001005831
33,"iOS 27, 핵심은 ‘AI 강화’…어떻게 달라지나","베타 버전 공개까지 4개월 가량 남은 애플의 차세대 아이폰 운영체제 ‘iOS 27’ 관련 루머가 계속 쏟아지고 있다.IT매체 맥루머스는 12일(현지시간) 지금까지 나온 iOS 27 관련 소문을 종합해 보도했다.
애플은 향후 iOS 27에서 시리를 한층 더 고도화해 사용자가 시리와 지속적인 대화를 나눌 수 있는 완전한 챗봇으로 만들 계획이다. (사진=챗GPT로 생성)■ 개선된 시리 챗봇보도에 따르면 iOS 27에는 사용자와 자연스럽게 주고받는 대화를 할 수 있는 본격적인 시리 챗봇이 탑재될 전망이다. 이는 시리를 오픈AI의 챗GPT나 구글 제미나이와 유사한 형태로 발전시키는 변화가 될 것으로 보인다.그 동안 출시가 지연돼 온 개인 맞춤형 시리 기능 일부도 iOS 27에 포함될 가능성이 제기된다. 해당 기능은 2024년 세계개발자회의(WWDC)에서 처음 공개된 바 있다.■ 새 애플 인텔리전스 기능
사진=애플애플과 구글은 지난달 말 구글 제미나이를 기반으로 한 새로운 애플 인텔리전스 기능을 함께 개발한다고 발표했다. 예를 들면 새 애플 인텔리전스 기능이 캘린더 앱에 적용될 것이라는 소문이 나온 상태다.개인 맞춤형 AI 기반 건강·피트니스 추천을 제공하는 ‘애플 헬스+’ 구독 서비스에 애플 인텔리전스가 적용될 것이라는 소식도 제기됐다. 다만 애플이 해당 계획을 재검토 중인 것으로 알려지면서, 일부 기능만 부분적으로 도입될 가능성이 있다고 맥루머스는 전했다.■ 새로운 위성 통신 기능iOS 27은 5G 위성 인터넷 연결을 지원할 것이라는 전망도 나온다. 다만 이 기능은 애플의 차세대 C2 모뎀이 탑재된 ‘아이폰 18 프로’ 모델에 한해 적용될 가능성이 거론된다.이 밖에도 위성을 통한 애플 지도 서비스 이용, 메시지 앱에서의 사진 전송 등 추가적인 위성 통신 기능이 포함될 수 있다는 관측이 제기되고 있다.■ 버그 수정·<b style=""letter-spacing: 0.8px;"">안정성 향상에 초점iOS 27은 과거 기능 추가를 최소화하고 안정성과 성능 개선에 집중했던 맥OS ‘스노우 레오파드’와 유사한 방향성을 가질 것으로 예상된다. 이에 따라 애플은 대규모 신규 기능 도입보다는 버그 수정과 안정성 향상, ‘리퀴드 글래스’ 디자인 개선 등에 초점을 맞출 것으로 보인다.iOS 27 베타 테스트는 올해 6월 WWDC 기간 중 시작될 예정이며, 정식 버전은 9월 호환 기기 사용자들을 대상으로 배포될 것으로 전망된다.",https://n.news.naver.com/mnews/article/092/0002410626
34,"유비소프트, 직원 1200명 파업 돌입…""경영진 현장 이해도 전무"" 비판","구조조정 및 주 5일 출근 강행에 노조 반발유비소프트의 대규모 구조조정과 사무실 복귀 정책에 반발해 최소 1200명의 직원이 파업에 돌입했다고 게임인더스트리비즈가 12일(현지시간) 보도했다.보도에 따르면 프랑스와 밀라노 지사를 중심으로 지난 10일부터 12일까지 사흘간의 파업이 진행됐다. 마크 루슐레 '솔리데르 앵포르마티크' 노조 대표는 게임인더스트리비즈와의 인터뷰에서 ""어제 하루에만 최소 1200명의 직원이 파업에 동참했다""고 밝혔다.이번 파업은 지난 달 21일 발표된 유비소프트의 고강도 구조조정안에 대한 항의 차원이다. 당시 사측은 비용 절감을 위해 일부 스튜디오를 폐쇄하고 개발 중인 게임 6종의 프로젝트를 취소한다고 발표했다. 또한 주 5일 사무실 출근을 의무화한 조치 역시 노조의 거센 반발을 샀다.
유비소프트 CI.루슐레 대표는 ""이브 기예모 CEO는 자신의 회사와 직원에 대한 지식이나 이해가 전무한 것으로 보인다""며 ""회사는 비용 절감과 해고 계획을 계속하고 있으며, 팀원들은 인력 부족 속에서 압박감에 시달리고 있다""고 비판했다.이어 ""수년간 임금 인상이 없거나 미미했던 상황에서 올해도 인상이 없을 것임을 인지하고 있다""고 덧붙였다.유비소프트 측은 같은 날 성명을 통해 파업 참가 인원을 538명으로 집계하며 진화에 나섰다. 사측은 ""이번 변화, 특히 업무 조직에 영향을 미치는 변화가 직원들에게 강한 감정을 불러일으키고 있음을 이해한다""며 ""발표 이후 팀들이 새로운 조직을 더 잘 이해하고 우려를 공유할 수 있도록 여러 차례 토론과 설명회를 가졌다""고 밝혔다.또한 ""이번 변화는 크리에이티브 하우스 내 팀의 자율성과 창의성을 지속 가능하게 강화하기 위한 것""이라며 ""직원 및 대표자들과 열린 대화를 유지하며 모두를 위한 명확한 업무 프레임워크를 구축하겠다""고 강조했다.한편 유비소프트 프랑스 지부에서는 지난 2024년 9월에도 사무실 복귀 정책에 반발해 700명 이상의 직원이 사흘간 파업을 벌인 바 있다.",https://n.news.naver.com/mnews/article/092/0002410624
35,"""12시간 업무 20분이면 끝""…LG CNS·오픈AI가 제시하는 기업AX","챗GPT 엔터프라이즈 연계 본격화... 종근당, 에이전틱AI 기반 생산성 97% ↑LG CNS와 오픈AI가 종근당 품질보증(QA) 업무를 12시간에서 20분으로 단축하는 등 에이전틱 AI 도입 고객 사례를 공개하며 AI 전환(AX)을 위한 실행 가이드라인을 제시했다.LG CNS는 13일 '전략적 전환에서 현업 적용까지: 엔터프라이즈를 위한 에이전틱 AI 로드맵' 웨비나를 열고 금융, 공공, 제약 분야 주요 고객 사례를 발표했다.이날 행사에는 LG CNS 임은영 담당, 김민종 팀장, 이상원 팀장, 김슬기 책임과 오픈AI 김양용 어카운트 디렉터가 참여했다. 웨비나는 에이전틱 AI 기술 소개와 AX 마스터플랜을 기반으로 실제 현업 성과를 낸 사례 중심으로 구성됐다.
LG CNS 임은영 담당, 김민종 팀장(이미지=LG CNS)금융부터 공공까지 에이전트로 자동화...'AX 마스터 플랜'으로 혁신AX 마스터 플랜은 LG CNS가 제시하는 기업 맞춤형 AI 도입 전략이다. ▲비즈니스 성과 지표(KPI) 설정 ▲현업 프로세스 재설계(BPR) ▲투자 대비 효과(ROI) 분석 등을 포괄해 기술 도입을 실제 경영 성과로 연결하는 것이 핵심이다.김민종 팀장은 ""AI 도입의 성공 여부는 기술 자체가 아니라, AI가 기업의 비용 절감과 매출 증대에 얼마나 기여하는지를 명확히 정의하는 데 달렸다""며 ""막연한 실험이 아니라, 돈이 되는 AX를 설계하는 것이 중요하다""고 강조했다.김양용 디렉터는 주요 사레로 종근당을 소개했다. 종근당은 연간 필수 품질 리뷰 보고서(APQR) 작성 업무에 에이전틱 AI를 적용했다. 기존에는 담당자 1명이 데이터를 취합·분석해 보고서를 작성하는 데 최소 12시간이 소요됐다. AI 도입 이후에는 이를 약 20분 내외로 단축했다. 단순 계산으로 수작업 업무를 90% 이상 줄인 셈이다.
AX로 품질보증 업무 90%를 줄인 종근당(이미지=LG CNS)AX 마스터 플랜을 적용한 금융권 A사는 현재 대고객 에이전트 서비스를 구축 중이다. 기존에는 생성형 AI 기반 지식 검색과 문서 초안 작성 수준이었다면, 현재는 앱과 웹 환경에서 질문을 이해하고 후속 업무까지 자동 실행하는 구조로 확장하고 있다. 에이전트가 질의를 분석해 필요한 서브 에이전트를 호출하고 실제 업무 처리까지 수행한다. 이를 통해 콜센터와 영업점의 업무 부담을 줄이고 고객 만족도를 높이는 것이 목표다.또 다른 B사는 전사 업무에 AI 에이전트를 적용하기 위한 컨설팅을 진행했다. LG CNS는 전체 프로세스를 분석해 자동화 가능 영역을 정의하고, 기술 검증과 데이터 적합성 분석을 병행했다. 단순 자동화에 그치지 않고 필수 정보 입력, 사용자 피드백 기반 학습, 재질문 프로세스까지 포함해 에이전트 친화적 구조로 재설계했다. 성과 측정 기준까지 함께 수립해 실제 생산성 향상으로 이어지는 실행 체계를 마련했다.공공 분야에서는 대규모 교육 디지털 플랫폼 구축 사례도 공개됐다. 학생, 학부모, 교직원 등 사용자별 목적에 맞춰 맞춤형 에이전트를 설계했다. 슈퍼 에이전트가 질문을 분석한 뒤 최적의 서브 에이전트를 호출하고 단계별 작업을 수행해 결과를 종합한다. 특히 초중고 학생 대상 모델은 유해 답변을 원천 차단하는 구조로 설계됐다. 학교 일정, 급식 정보, 학사 안내 등 일상 질의를 자동 처리하는 서비스로 확장되고 있다.이상원 팀장은 ""이제 AI는 특정 부서의 실험이 아니라 전사 워크플로를 재설계하는 도구""라며 ""기술 정확도보다 중요한 것은 비즈니스 임팩트""라고 말했다.이러한 에이전트를 쉽고 빠르게 개발·운영할 수 있도록 돕는 LG CNS의 독자 플랫폼 '에이전트웍스(AgentWorks)'도 소개됐다. 이 플랫폼은 코딩 지식이 없는 현업 담당자도 노코드 방식으로 에이전트를 개발할 수 있으며, 멀티 모델 전략과 통합 모니터링 기능을 제공한다. 온프레미스와 클라우드 환경을 모두 지원해 보안 우려를 해소한 것도 특징이다.김민종 팀장은 ""에이전트를 개별적으로 만드는 것이 아니라, 통합 관리하고 확산할 수 있는 플랫폼이 있어야 성과가 난다""고 덧붙였다.파트너십 체결한 오픈AI, 챗GPT 엔터프라이즈 기업 도입 본격화오픈AI 김양용 어카운트 디렉터와 LG CNS 이상원 팀장은 최근 파트너십을 맺은 오픈AI의 챗GPT 엔터프라이즈를 소개했다.김양용 디렉터는 ""챗GPT 엔터프라이즈는 기업 데이터 보안을 최우선으로 설계됐다""며 ""기업 내부 문서, 이메일, 이미지 등 다양한 비정형 데이터를 이해하고 분석해 실질적인 업무 인사이트를 도출하는 데 최적화돼 있다""고 설명했다.
이상원 LG CNS 팀장 김양용 오픈AI 어카운트 디렉터(이미지=LG CNS)이어 ""개인용 서비스와 달리, 엔터프라이즈 버전은 고성능 추론 모델을 기반으로 대용량 문서 분석, 복잡한 단계별 사고(Reasoning), 코드 생성, 데이터 해석 등 전문 업무를 지원한다""고 말했다.또한 음성·이미지·텍스트를 동시에 처리하는 멀티모달 기능을 통해 보고서, 프레젠테이션, 재무 데이터, 이미지 자료 등을 통합 분석할 수 있다고 덧붙였다.챗GPT 엔터프라이즈는 조직 단위 관리 기능도 제공한다. 관리자 콘솔을 통해 사용자 권한을 통제하고, 부서별 활용 현황을 모니터링할 수 있다. API 연계와 내부 시스템 통합도 가능해 기존 업무 환경과 자연스럽게 연결된다.김 디렉터는 ""기업이 AI를 단순 검색 도구가 아니라 '업무 인터페이스'로 활용하는 것이 핵심""이라며, 최근 발표된 '오픈AI 프론티어'를 통해 기업 환경에서 AI 에이전트를 보다 체계적으로 운영·관리할 수 있는 기반이 강화되고 있다고 설명했다.이상원 팀장은 ""많은 기업이 AI 도입 효과를 수치로 확인하기 어렵다고 말한다""며 ""종근당 사례처럼 특정 기능이 아니라 전체 워크플로우를 AI 중심으로 재설계했을 때 비로소 명확한 ROI를 확인할 수 있다""고 강조했다. 이어 ""이제는 DX를 넘어 AX로 나아가야 할 시점""이라며 ""AI를 업무 보조 수단이 아니라 경쟁력을 만드는 핵심 인프라로 전환해야 한다""고 말했다.",https://n.news.naver.com/mnews/article/092/0002410623
36,설 연휴 과식·과음 경고등…담낭염·뇌졸중 위험 커진다,"전 등 고지방 음식 먹고 오른쪽 윗배 통증 지속되면 담낭염 의심당뇨 있다면 채소-단백질-탄수화물 순서로 음식 섭취
ⓒ 뉴스1 이은현 디자이너(서울=뉴스1) 구교운 기자 = 설 연휴는 평소보다 기름진 음식과 술자리가 잦아지면서 응급실을 찾는 환자도 늘어나는 시기다. 13일 의료계에 따르면 단순한 소화불량으로 여겼다가 실제로는 담낭염이나 뇌졸중으로 진단되는 사례도 적지 않다.""체한 줄 알았는데""…오른쪽 윗배 통증, 담낭염 신호일 수도명절 상에 빠질 수 없는 전, 갈비찜, 각종 육류 요리는 대부분 고지방 음식이다. 평소보다 많은 양을 한꺼번에 섭취하면 담낭이 담즙을 과도하게 분비하며 수축하게 되고 이 과정에서 담석이 담도를 막으면 급성 담낭염이 발생할 수 있다. 이미 담석이 있거나 고지방 식습관이 지속돼 온 경우 단기간의 과식과 음주만으로도 통증이 시작될 수 있다.고윤송 세란병원 복부센터 센터장은 ""기름진 음식을 먹은 뒤 오른쪽 갈비뼈 아래 통증이 수시간 이상 지속되고, 등이나 오른쪽 어깨로 통증이 퍼진다면 단순 소화불량이 아니라 담낭염일 가능성을 의심해야 한다""고 말했다.단순 체기와 달리 통증이 수 시간 이상 지속되고 진통제로 쉽게 가라앉지 않는 것이 특징이다. 열이나 오한, 반복되는 구토가 동반되면 지체하지 말고 병원을 찾아야 한다. 증상을 방치하면 담낭 괴사나 복막염 등으로 악화할 수 있다.""잠깐 어지러웠을 뿐인데""…연휴 피로가 부른 뇌졸중과음과 피로가 겹치는 연휴에는 뇌졸중 위험도 커진다. 특히 고혈압·당뇨병·고지혈증 등 만성질환이 있는 사람은 혈압과 혈당의 급격한 변동이 혈관에 부담을 주면서 발병 위험이 커질 수 있다.우호걸 경희대병원 신경과 교수는 ""건강한 성인은 며칠간 생활 리듬이 깨져도 큰 문제가 없을 수 있지만, 만성질환이 있는 경우 혈압이나 혈액 점도의 급격한 변화가 뇌졸중을 촉발할 수 있다""고 말했다.뇌졸중은 예고 없이 찾아오며 한쪽 얼굴이나 팔·다리에 힘이 빠지거나 감각이 둔해지고 말이 어눌해지거나 심한 두통과 구토가 나타나는 것이 대표적 증상이다. 증상이 잠깐 나타났다 사라지더라도 '일과성 허혈발작'일 수 있어 안심해서는 안 된다.허혈성 뇌졸중은 증상 발생 후 4시간 30분 이내에 응급실에 도착하면 혈전용해제 치료가 가능하고 경우에 따라 혈관을 직접 뚫는 시술도 시행된다. 시간이 지날수록 뇌 손상과 후유증 위험이 커지는 만큼 즉각적인 대응이 무엇보다 중요하다.당뇨 있다면 '혈당 스파이크'도 경계당뇨병 환자라면 연휴 기간 혈당 관리에도 각별히 신경 써야 한다. 떡, 국수, 과일, 믹스커피 등 탄수화물과 당분이 많은 음식은 혈당을 빠르게 올릴 수 있다. 무가당 음료 역시 혈당을 직접적으로 올리지는 않지만 일부 인공감미료나 첨가물이 간접적으로 영향을 줄 수 있어 과신은 금물이다.평소 복용하던 약을 규칙적으로 먹고 식사 순서를 채소·단백질·탄수화물 순으로 조절하는 것만으로도 혈당 급등을 완화하는 데 도움이 된다.이준엽 서울성모병원 내분비내과 교수는 ""나물, 샐러드와 같은 식이 섬유를 먼저 섭취하고 단백질을 그 다음에, 마지막으로 밥, 국수와 같은 탄수화물을 가장 나중에 섭취하는 것이 탄수화물 양도 적게 먹고 탄수화물의 흡수도 지연 시킬 수 있다""고 강조했다.",https://n.news.naver.com/mnews/article/421/0008773716
37,"'30만원' 챗GPT 프로, 카톡 선물하기선 단돈 '2만9000원'?","카카오, 톡 선물하기서 '챗GPT 프로 1개월 이용권' 한시 판매정가 대비 10분의 1 가격에 쓸 수 있어 SNS·커뮤니티서 입소문
[서울=뉴시스] 13일 카카오에 따르면 '챗GPT Pro 1개월 이용권'(2만9000원), '챗GPT 플러스 1개월 이용권 1+1'(2만9000원)이 카카오톡 선물하기에서 판매 중이다. 2026.02.13. (사진=카카오톡 선물하기 캡처) *재판매 및 DB 금지[서울=뉴시스]윤정민 기자 = 월 구독료 30만원에 달하는 '챗GPT 프로' 멤버십 이용권이 카카오톡 선물하기에서 2만9000원에 판매되고 있다. 카카오와 오픈AI 간 파트너십이 만들어 낸 결과물인데 인공지능(AI) 챗봇 이용자들 사이에서 화제다.13일 카카오에 따르면 '챗GPT 프로 1개월 이용권'(2만9000원)이 전날부터 카카오톡 선물하기에서 판매 중이다.'챗GPT 프로'는 챗GPT 유료 멤버십 중 최고 등급에 해당한다. 최신 GPT 모델을 사용 한도 없이 활용할 수 있으며 복잡한 데이터 분석과 장문 보고서 작성, 코드 생성·검증 작업 등을 안정적으로 처리할 수 있는 것이 특징이다.이에 대규모 프로젝트를 수행하는 개발자, 연구자 등을 겨냥한 멤버십으로 분류된다. 한국에서는 월 구독료로 웹 결제 기준 200달러(약 28만8500원), 구글 플레이에서는 31만원, 애플 앱스토어에서는 29만9000원에 판매되고 있다.카카오는 전날 이 상품을 출시하면서 별도 홍보나 마케팅을 진행하지 않았다. 하지만 소셜네트워크서비스(SNS)와 다수 인터넷 커뮤니티에서 입소문을 타고 있다. 이날 오전 8시 기준 급상승 인기 선물 키워드에 '챗GPT' 관련 검색어가 최상위권에 기록돼 있다.이 상품은 1인당 최대 5개까지 구매할 수 있다. 이에 일부 네티즌은 ""'플러스'(월 2만9000원) 가격에 프로를 쓸 수 있다""며 향후 사용을 위해 5개를 모두 구매했다는 인증 후기를 올리고 있다. 기존 유료 멤버십 구독자는 구독 해지 후 해당 이용권을 통해 챗GPT 프로를 구독할 수 있다.
[서울=뉴시스] 정병혁 기자 = 정신아 카카오 대표와 샘 올트먼 오픈AI 최고경영자가 4일 서울 중구 플라자호텔에서 열린 카카오 기자간담회를 마친 뒤 기념촬영을 하고 있다. 2025.02.04. jhope@newsis.com이번 상품 출시는 카카오와 오픈AI 간 전략적 협업 확대의 일환으로 풀이된다. 카카오는 지난해부터 오픈AI와 협력을 강화하며 카카오톡 내 AI 서비스 접점을 넓혀 왔다.카카오는 카카오톡에서 '챗GPT'를 이용할 수 있는 '챗GPT 포 카카오'를 지난해 10월 말 출시한 바 있다. 정신아 카카오 대표는 전날 2025년도 4분기 실적 발표 컨퍼런스콜에서 ""'챗GPT 포 카카오' 이용자 수가 800만명""이라고 밝혔다. 출시 초기 200만명 수준이던 이용자 수가 3개월여 만에 4배 이상 증가한 셈이다.이어 정 대표는 ""카카오톡의 대화 맥락과 챗GPT 간 연계성을 한층 강화하고 톡 내에서 챗GPT 기반의 다양한 AI 기능을 순차적으로 선보일 계획""이라고 전하기도 했다.이번 이용권 판매를 계기로 챗GPT 무료 이용자 일부가 유료 멤버십 구독자로 이동할 가능성도 제기된다. 특히 '플러스' 가격에서 프로 멤버십을 경험할 수 있다는 점은 AI 고급 기능에 대한 진입 장벽을 낮추는 효과를 낼 수 있다는 분석이다. 단기간 체험 이후 정가 구독으로 전환되는 이용자가 얼마나 발생하느냐가 향후 성과를 가를 변수로 꼽힌다.한편 카카오는 챗GPT 프로 1개월 이용권과 함께 '챗GPT 플러스 1개월 이용권 1+1'(2만9000원)도 판매 중이다. 1개월 치 구독료로 2개월간 이용할 수 있어 이 상품도 인기를 끌고 있다.카카오 관계자는 ""'챗GPT 포 카카오' 서비스 사용 경험 확대, AI 서비스 이용권을 가족, 지인 등에게 선물할 수 있는 기회를 제공하기 위해 상품을 출시했다""며 ""판매 종료 시점은 현재 미정""이라고 밝혔다．",https://n.news.naver.com/mnews/article/003/0013768972
38,"HD건설기계, 몽골서 초대형 굴착기 등 광산용 장비 대거 수주","대형 로더·덤프 트럭 등 총 63대 공급…합병 후 권역화 영업 시너지통합법인 출범 이후 ‘1사 2브랜드’ 전략을 앞세운 HD건설기계가 몽골 노천광산 개발 프로젝트에 대형·초대형 장비를 패키지로 공급한다.HD건설기계는 13일 몽골 노천 광산에 ‘DEVELON’ 100톤급 초대형 굴착기 13대, 53~65톤급 대형 굴착기 4대, 광산용 트럭 24대와 ‘HYUNDAI’ 100톤급 초대형 굴착기 7대, 대형 휠로더 2대, 52톤급 대형 굴착기 7대 등 총 63대 광산용 건설장비를 공급한다고 밝혔다.이번에 수주한 100톤급 굴착기의 최대 굴착 높이는 14.3m로, 일반적인 4층 빌딩 높이에 해당한다. 이 장비들은 세계 최대 구리 광산 중 하나인 오유 톨고이 광산을 비롯해 초대형 건설장비 시장의 핵심 거점인 몽골 노천 광산 개발 프로젝트에 투입될 예정이다.
HD건설기계 100톤급 초대형 굴착기회사는 이번 대규모 수주가 개별 기업 형태로는 어려웠던 통합법인의 권역별 영업전략이 브랜드 간 시너지로 발휘되며 이뤄졌다고 설명했다.DEVELON은 지난 2024년 HYUNDAI와 전략적 협력 관계를 맺은 통리(TONLY) 사의 덤프트럭을 공급 라인업에 포함해 초대형 굴착기와 트럭을 결합한 패키지 수주에 성공했다. HYUNDAI는 기존 85톤급·125톤급 제품과 더불어, DEVELON의 100톤급 굴착기를 초대형 라인업으로 확보하며 수주 기회를 잡았다.초대형 굴착기는 장비의 품질뿐 아니라 험한 작업환경에 즉각적으로 대응할 수 있는 신속한 서비스와 안정적인 부품 조달이 필수적이다. HD건설기계는 이번 대형·초대형 장비 공급을 통한 수익성 확대와 더불어, 추가 장비 수주 및 제품 가격의 최대 4배에 이르는 애프터마켓(AM) 사업 부문 매출 증가도 기대하고 있다.
HD건설기계  100톤급 초대형 굴착기세계 최대 규모 구리와 금 광산들이 위치한 몽골은 노천 광산을 중심으로 한 자원개발과 함께 현지 정부 주도의 인프라 및 도시 건설 수요가 이어지며, 초대형 건설장비의 핵심 시장 중 하나로 부상하고 있다.HD건설기계 관계자는 “통합법인 출범 이후 1사 2브랜드 체제의 장점을 극대화한 영업전략과 시너지를 통해 대형화가 가속화되는 광산 시장에서 의미 있는 수주 성과를 거둘 수 있었다”며, “개별 장비 공급을 넘어 현장의 니즈를 반영한 ‘토탈 솔루션 파트너’로 자리매김할 것”이라고 말했다.",https://n.news.naver.com/mnews/article/092/0002410619
39,"트릴리온랩스, '국대 AI' 패자부활전 참가…포스코·GS 합류","'독자 AI 파운데이션 모델 프로젝트' 추가 공모 도전재계 10위권 대기업 참여로 산업 현장 실증 본격화스타트업·학계 연합해 1T급 옴니모달 확장 추진
[서울=뉴시스] 트릴리온랩스 CI (사진=트릴리온랩스 제공) *재판매 및 DB 금지[서울=뉴시스]윤정민 기자 = 트릴리온랩스가 국가대표 인공지능(AI)을 선발하는 '독자 AI 파운데이션 모델(독파모)' 프로젝트 패자부활전에 도전한다. 재계 순위 10위권 대기업 두 곳도 트릴리온랩스 컨소시엄에 합류했다.트릴리온랩스는 과학기술정보통신부 주관 '독파모' 구축 사업의 추가 정예팀 공모에 지원했다고 13일 밝혔다.트릴리온랩스는 네이버 거대언어모델(LLM) '하이퍼클로바X' 핵심 개발진이었던 신재민 대표가 2024년 설립한 국내 유일의 프론티어 모델 개발 스타트업이다. 설립 1년 만에 70B(700억 파라미터) 규모의 LLM을 독자 개발했다. 이후 비전언어모델(VLM) '트릴리온-라바(Trillion-LLava)'부터 디퓨전 기반 언어 모델 '트리다(Trida)-7B', 세계 최초 모바일 월드모델 'gWorld-32B'에 이르기까지 자체 기술로 구현하며 대규모 모델·멀티모달·디퓨전·월드모델을 아우르는 풀스택 AI 역량을 확보했다.재계 순위 10위권 포스코·GS, 트릴리온랩스와 산업 전반 AI 전환 실증이 스타트업이 이끄는 컨소시엄은 연구·실증·산업 적용에 이르는 전 과정을 아우르는 파트너십을 위해 대기업-스타트업-대학 연구실 체계를 구축했다. 초대규모 독자 파운데이션 모델(FM) 개발과 국가 기반 산업에 실제 작동하는 AI 정착을 목표로 한다.이 컨소시엄에 GS그룹, 포스코홀딩스가 참여했다. GS그룹이 운영하는 AI 전환(AX) 조직 '52g'는 산업 현장에서 실제로 작동하는 AI로 전환·확산시키는 실행 파트너 역할을 수행한다. 발전·에너지·유통·건설 등 사업 현장에서 축적된 적용 사례를 기반으로 산업·공공 확산 모델을 실증할 계획이다.포스코홀딩스는 금속·이차전지 소재 도메인 지식을 내재화한 특화 모델 개발에 참여한다. 목표 물성 기반 소재 설계, 추론을 통한 비즈니스 밸류체인 최적화, 시각언어모델(VLM)과 시각언어행동모델(VLA) 기반의 설비 자율 운전 등 제조 및 연구개발(R&D) 업무 혁신 모델을 개발·실증할 계획이다. ""스타트업 실행력, 기술 전문성으로 실행 레이어 강화""이와 함께 엑셈, 베슬AI, 에임인텔리전스, 모빌린트, 홀리데이로보틱스, 오픈마인드 등이 트릴리온랩스 컨소시엄에 합류했다.엑셈은 광역지자체와 협력해 행정용 AI 어시스턴트, 에이전틱 AI 서비스를 트릴리온랩스 파운데이션 모델로 실증한다.AI 인프라 부문 스타트업 베슬AI는 초대규모 그래픽처리장치(GPU) 클러스터 및 분산 학습·서빙 인프라를 구축해 독자 파운데이션 모델의 사용·배치 기반을 마련한다.에임인텔리전스는 오픈AI, 메타 등 글로벌 프런티어 랩과 협업한 경험을 바탕으로 K-세이프티 벤치마크와 안전성 평가 프레임워크를 정립해 멀티모달 및 피지컬 AI 환경에서 실증을 진행한다.모빌린트는 국산 신경망처리장치(NPU) 기반 추론 최적화로 엔비디아 GPU 대비 전력 효율을 검증한다. 파운데이션 모델과 NPU를 통합한 AI 어플라이언스 구조를 구현해 AI 국산화와 반도체 산업의 동반 성장을 지원한다.  홀리데이로보틱스와 로봇용 오픈소스 운영체제(OS) 'OM1'를 만드는 피지컬 AI 인프라 회사인 오픈마인드는 휴머노이드 로봇과 피지컬 AI 운영 체제로 VLM, VLA 모델을 실제 물리 환경에서 작동시키는 실증을 담당한다.이외 ▲국가 전략 산업인 방산 분야에서 모델을 검증할 본(BONE, 방산·드론) ▲국내 유일 특허 버티컬 AI 기업으로 자체 특허 전문 LLM을 개발·운영하는 워트 인텔리전스(특허·과학기술) ▲국내 최대 규모의 콘텐츠 생성 AI 에이전트 '캐럿' 운영사로 대국민 AI 확산을 위한 패러닷(B2C) ▲미용의료 플랫폼 '강남언니' 운영사 힐링페이퍼(의료) 등이 각 산업 도메인에서 모델의 범용성과 확장성을 검증한다.학계에서는 한국과학기술원(카이스트), 서울대, 연세대, 성균관대, 중앙대, 울산과학기술원(유니스트) 등 주요 대학 연구실이 참여한다. 이들은 200B에서 1T(1조 파라미터)급 옴니모달 모델로 확장하는 과정에서 필요한 프런티어 기술을 선제적으로 확보하는 데 기여할 계획이다.신재민 트릴리온랩스 대표는 ""글로벌 모델 추격 경쟁과 기존 트랜스포머 중심의 고비용 구조로는 AI 3강에 진입할 수 없다. 비용 구조 혁신과 아키텍처 재설계로 게임의 룰을 바꿔야 한다""며 ""이번 컨소시엄은 제조·에너지·국방 등 국가 핵심 인프라 현장에서 실제로 작동하는 AI를 구현하는 전략적 연합으로 독자 기술 기반의 구조 혁신과 산업 내재화를 동시에 달성하는 국가 전환점이 될 것""이라고 말했다.",https://n.news.naver.com/mnews/article/003/0013768955
40,완화 효과 나타난 웹보드 게임 규제…NHN·네오위즈 '방긋',"NHN은 '두자릿 수' 성장…네오위즈도 7%대 증가 전망올해 2월 초 웹보드 게임 규제가 완화되면서 NHN·네오위즈 등이 반색하고 있다. 결제가 집중되는 월초 효과에 규제 완화까지 더해지며 눈에 띄는 매출 증대 효과가 나타나서다.13일 게임업계에 따르면 NHN은 웹보드 게임 매출이 전월 동기 대비 두 자릿수 성장세를 기록했다. 정우진 NHN 대표는 12일 실적발표에서 ""2월 3일 웹보드 게임 결제 한도를 상향하는 시행령 개정 이후 전월 동기 대비 매출이 두 자릿수 이상 성장하는 등 의미있는 결과가 관측됐다""며 ""규제 환경 변화와 맞물려 향후 웹보드 게임의 긍정적 성장이 계속될 것으로 본다""고 말했다.
NHN 사옥 '플레이뮤지엄' 전경. [사진=NHN]
네오위즈 사옥. [사진=네오위즈]NHN에 이어 2위 사업자인 네오위즈도 가시적인 규제 완화 효과를 봤다는 증권가 분석이 나왔다. 미래에셋증권은 ""웹보드 게임 26년 매출액 YoY 성장세는 7%까지 가속화될 전망""이라며 ""네오위즈의 주요 웹보드 게임인 '피망 포커'와 '피망 뉴맞고'의 인앱결제액은 2월 초부터 반전 흐름이 관찰(센서타워 기준)되고 있다""고 했다.지난 2월 3일부터 시행된 게임산업법 시행령 일부개정안은 이용자 1명이 웹보드 게임 이용을 위한 가상현금, 게임 아이템 등의 1개월간 구매한도를 100만원으로 상향하는 것이 골자다. 이번 규제 완화로 웹보드 게임 규제를 받던 고스톱·포커 등 카드 게임과 스포츠 승부예측 게임 등이 수혜를 입을거란 관측이 나온 바 있다.증권가에서는 NHN, 네오위즈를 수혜주로 지목하고 긍정적 전망을 내놓고 있다. 웹보드 게임 실적 상승과 2026년 선보일 신작 라인업 등의 효과로 올해 실적이 우상향을 이어갈 것이란 관측이다.정호윤 한국투자증권 연구원은 NHN에 대해 ""투자의견 매수를 유지하며 목표주가를 4만5000원으로 기존 대비 12.5% 상향한다""며 ""웹보드 게임 규제 완화 및 신작 출시 영향을 반영해 게임사업부의 이익 추정치를 기존 대비 10% 상향했다. 2026년은 게임사업부의 턴어라운드를 기반으로 정부 정책의 구체화와 함께 클라우드 사업부도 장기적으로 수혜를 받을 것""이라고 내다봤다.오동환 삼성증권 연구원은 ""웹보드 게임은 2월 결제 한도가 상향돼 전월 대비 두 자리대 매출 성장이 관찰됐다""며 ""2월에는 '최애의아이' IP 기반 퍼즐 게임이 일본에서 출시되고 2분기에는 '파이널 판타지' IP 기반 신작도 출시돼 전체 게임 매출을 견인할 전망""이라고 분석했다.임희석 미래에셋증권 연구원은 네오위즈에 대해 ""2월부터 웹보드 게임의 월 구매 한도가 70만원에서 100만원으로 상향됨에 따라 동사 웹보드 부문의 성장세 반전이 기대된다""며 ""2027년 이후의 신작을 바라보며 긴 호흡으로 접근할 시기다. 웹보드 규제 완화 효과의 발생 정도에 따라 실적의 상향 가능성이 남아 있는 부분은 긍정적""이라고 분석했다.김동우 교보증권 연구원은 ""웹보드 게임 규제 완화 등의 영향으로 2026년 매출 4124억원, 영업이익 425억원 수준으로 이익 방어가 가능할 전망""이라며 ""웹보드 매출의 경우 월 결제 한도 상향 영향으로 YoY 7.3% 성장할 전망""이라고 내다봤다.",https://n.news.naver.com/mnews/article/031/0001005803
41,"""순금 1돈까지?""…삼성 갤S26 공개 앞두고 이통3사 사전 마케팅 포문","삼성 갤S26 시리즈 오는 26일 언팩 행사SKT, 순금 1돈에 1TB 업그레이드 등 제공KT는 할인 쿠폰 5만원·카카오페이 1만원LGU+, 플스5 프로·셀린느 지갑 증정 혜택
[서울=뉴시스] SK텔레콤이 T 다이렉트샵에서 삼성 갤럭시 S26 시리즈 사전구매 알림 신청 이벤트로 순금 1돈을 내걸었다. (사진=T 다이렉트샵 갈무리) 2026.02.13. photo@newsis.com *재판매 및 DB 금지[서울=뉴시스]박은비 기자 = 삼성 갤럭시 S26 시리즈 26일 공개를 앞두고 이동통신3사가 사전판매를 위한 경쟁에 돌입했다. 순금 1돈을 내걸거나 1TB 업그레이드를 제공하는 등 혜택도 다양하다.먼저 SK텔레콤은 지난 11일부터 T 다이렉트샵에서 사전구매 알림 신청 혜택 라인업을 공개했다. 오는 25일까지 참여하면 추첨을 통해 10명에게 황금 말 순금 1돈(3.75g)을 제공한다.최대 20만원 상당의 T 다이렉트샵 이용권도 있다. 1·5·10·20만원권을 랜덤으로 500명에게 지급한다. 이 이용권은 뉴 갤럭시에만 사용 가능하다.또 추첨을 통해 1만명에게 네이버페이 1000포인트를 주기로 했다. 당첨자는 26일 공개되며, 응모한 휴대폰 번호로 문자메시지로 알려준다.같은 기간 VIP 혜택 패키지도 있다. 260명을 추첨해 ▲고용량 업그레이드(512GB→1TB) ▲삼성전자 정품 액세서리 기프트 추가 증정 ▲개통 첫날 받는 VIP 배송 등을 준비했다.KT도 KT 닷컴에서 갤럭시 언팩 카운트다운에 들어갔다. 새로운 갤럭시 구매 지원금 핸드폰 할인쿠폰 5만원을 증정한다. 신청서 작성 기준 선착순 2000명까지 사용 가능하다.이와 함께 KT 닷컴 액세서리샵에서 사용할 수 있는 액세서리 쿠폰 5만원을 선착순 2000명에게 지급한다. 쿠폰은 개통을 마친 다음날 문자로 받을 수 있다.사전구매 알림 신청만 해도 카카오페이 1만원을 받을 수 있는 기회가 주어진다. 1만원(1000명), 1000원(2만5000명)을 추첨하며, 당첨자에게는 27일 별도 발표 없이 문자로 혜택이 발송된다.LG유플러스는 최대 20만원 상당의 꽝 없는 쿠폰 미리 뽑기를 마련했다. 1000원부터 1·3·5·15·20만원 할인쿠폰이 지급되며, 선착순 1500명만 사용 가능하다. 등록 가능한 할인 쿠폰은 27일 전에 지급되며, 가입신청서에 등록한 순으로 마감된다.사전구매 알림 신청자 중 1000명을 추첨해 네이버페이 5000포인트도 증정한다. 이외에도 알림받기 고객 중 소니 플레이스테이션5 프로(1명), 셀린느 스몰 트리옹프 플랩 지갑(1명) 등 응모를 접수하고 있다.이외에도 각사는 공식 온라인스토어에서 쓰던 폰 반납 보상 등 추가 혜택을 준비했다. 자세한 내용은 홈페이지에서 확인 가능하다．",https://n.news.naver.com/mnews/article/003/0013768932
42,"사상 최대 매출 기록한 넷마블…""올해 신작 8종 출격""","세븐나이츠리버스 [넷마블 제공]게임업체 넷마블이 지난해 연간 기준 사상 최대 매출을 기록하며 성장세를 이어갔습니다.이런 가운데 올해도 대규모 신작들을 선보이며 성장 흐름을 지속할 계획입니다.넷마블은 지난해 연간 실적으로 연결기준 매출 2조 8,351억원, 영업이익 3,525억원을 기록했다고 밝혔습니다.이는 전년 대비 매출은 6.4%, 영업이익은 63.5% 증가한 수치이며, 특히 매출은 연간 기준 사상 최대치입니다.넷마블의 성장은 자체 지식재산권(IP) 기반의 신작들이 이끌었습니다.‘RF온라인넥스트’, ‘세븐나이츠리버스’, ‘뱀피르’등이 연달아 흥행에 성공했고, 이중 ‘세븐나이츠리버스’는 작년 3·4분기 연속으로 넷마블 게임 포트폴리오 내 최고 매출 타이틀에 오르며 간판 IP로서의 존재감을 과시했습니다.업계에서는 넷마블이 이른바 ‘성공 방정식’을 구축했다는 평가를 내놓고 있습니다.과거 모바일 플랫폼 및 외부 IP 의존도가 높다는 지적을 받았지만 최근에는 자체 IP와 외부 IP를 균형있게 활용하는 한편 플랫폼과 장르까지 고르게 분산 시키며 안정적인 포트폴리오를 완성했다는 분석입니다.
일곱개의대죄:Origin [넷마블 제공]이런 넷마블의 신작 출시 전략은 올해 신작 라인업에서도 잘 나타납니다.넷마블은 올 1분기 ‘스톤에이지키우기’와 ‘일곱개의대죄:Origin’을 필두로 ‘SOL:enchant(솔:인챈트)’, ‘몬길:STAR DIVE’, ‘나혼자만레벨업:카르마’, ‘샹그릴라프론티어:일곱최강종’, ‘프로젝트옥토퍼스’, ‘이블베인’ 등 총 8종의 신작을 쏟아낼 예정입니다.1분기 출시작만 살펴봐도 ‘스톤에이지키우기’는 모바일 방치형 게임으로 캐주얼 이용자를 겨냥했고, ‘일곱개의대죄:Origin’은 오픈 월드 대작으로 콘솔·PC 이용자까지 아우를 만한 타이틀로 꼽힙니다.하반기 출시작들 역시 모바일 캐주얼 액션 로그라이트 RPG부터 PC·콘솔 협동 액션까지 장르 및 플랫폼이 매우 다양합니다.관련 업계에서는 이같은 주요 신작들이 성과를 낸다면 지난해에 이어 올해도 넷마블의 양적·질적 동반 성장이 이어질 것으로 보고 있습니다.증권가의 기대감도 커지고 있는데, 금융정보업체 에프앤가이드에 따르면 넷마블의 2026년 연간 매출 전망치는 3조 485억원으로 사상 첫 매출 3조원 돌파 가능성도 제기됩니다.최승호 DS투자증권 연구원은 “매출 성장, 비용 감소, 주주 환원, 좋은 신작 파이프라인 등 팔방 미인형 기업으로 변모하고 있다”고 평가했고, 안재민 NH투자증권 연구원은 “상반기 중 4종의 기대작 출시를 앞두고 있어 국내 게임사 중 신작 모멘텀이 가장 강력하다”고 진단했습니다.#넷마블 #실적 #신작연합뉴스TV 기사문의 및 제보 : 카톡/라인 jebo23",https://n.news.naver.com/mnews/article/422/0000833803
43,"[사이언스샷] 코끼리 아저씨는 코가 손이래, 수염 덕분에","코에 있는 1000개 수염이 센서, 빠지면 감각 손상수염 뿌리는 단단, 끝은 부드러워 신경 신호 증폭“지능형 로봇의 감각 기술 개발에 응용 가능”
코끼리는 코에 있는 1000여 개의 수염으로 물체를 정밀하게 감지한다./독일 막스 플랑크 지능형 시스템 연구소, 하이델베르크 동물원        “코끼리 아저씨는 코가 손이래, 과자를 주면은 코로 받지요.” 어릴 때 불렀던 동요처럼 코끼리의 코는 투박해 보이지만 촉각이 민감하기로 유명하다. 납작한 토르티야를 부수지 않고 집고 땅콩 하나도 잡을 수 있다. 코를 손처럼 다루는 능력은 1000개에 이르는 수염에 있는 것으로 밝혀졌다.독일 막스 플랑크 지능형 시스템 연구소의 캐서린 쿠헨베커(Katherine Kuchenbecker) 교수 연구진은 “첨단 현미경 기술로 코끼리 코의 수염을 분석한 결과, 뿌리와 말단 부분의 구조가 달라 닿는 물체를 눈으로 보듯 감지할 수 있는 것으로 나타났다”고 13일 국제 학술지 ‘사이언스’에 발표했다. 이번 연구에는 베를린 훔볼트대와 슈투트가르트대 연구진도 참여했다.수염의 물리적 구조가 센서 기능        연구진은 첨단 현미경으로 코끼리 수염의 구조를 분석해 이미 연구가 많이 된 쥐의 수염과 비교했다. 가장 큰 차이는 유연성에 있었다. 쥐의 수염은 밑에서부터 끝부분까지 단단하다. 또 수염이 박힌 피부 아래에는 별도의 근육이 있다. 쥐는 수염을 이리저리 휘저어 물체를 감지한다. 코끼리는 그런 근육이 없다. 그렇다면 수염을 이리저리 움직이지 않고도 물체를 감지하는 내장 능력이 있다고 볼 수 있다.코끼리 수염은 손발톱이나 머리카락처럼 구조 단백질인 케라틴으로 이뤄졌다. 케라틴 자체는 촉감을 감지할 수 없다. 대신 수염은 신경 세포로 둘러싸인 모낭에 박혀 있다. 수염이 물체에 닿아 진동하면 모낭에서 신경 신호가 발생한다. 연구진은 위아래가 다른 코끼리 수염 구조가 신경 신호를 증폭하는 데 적합하다는 사실을 밝혔다.
코끼리와 쥐의 수염 구조 차이. 쥐는 수염을 휘저어 물체를 감지하지만 코끼리 수염은 그렇지 않고도 신호를 증폭하는 재료 자체의 지능으로 감지한다./Science        동물원에서 자연사한 아시아 코끼리에서 5㎝ 길이의 수염을 뽑아 컴퓨터 단층촬영(CT)과 전자현미경으로 내부 구조를 나노미터(10억분의 1m) 단위까지 분석했다. 코끼리 수염은 뿌리와 끝 모두 납작한 사각형 모양으로 나타났다. 하지만 내부 구조는 달랐다. 피부에 박힌 뿌리는 미세 구멍이 많고 단단했지만, 끝 부분은 조밀하고 고무처럼 부드러워 물체에 닿으면 쉽게 움직였다.연구진은 이처럼 수염의 강도가 각기 다른 특성이 신호 강도의 변화를 증폭시켜 물체가 닿는 위치를 길이 전체에서 감지할 수 있다고 설명했다. 코끼리 수염은 능동적인 움직임 없이도 감각을 최적화하는 재료 설계를 통해 일종의 내장형 ‘물리적’ 지능을 구현한다는 것이다. 수염 하나하나가 자체 판단 기능을 갖춘 정밀 센서라는 말이다.지능형 로봇의 감각 기능에 적용 가능        실제로 코끼리는 사람과 비교하면 고도 근시에 가깝다고 알려졌다. 10~20m 정도 거리의 물체만 선명하게 볼 수 있다.그보다 멀면 물체의 세부 형태를 구분하지 못하고 움직임만 감지한다. 코끼리는 큰 머리를 자유롭게 돌릴 수 없어서 뒤에 있는 물체를 보려면 돌아서야 한다. 이런 단점을 수염 센서가 달린 코로 극복한 셈이다.코끼리 코의 수염은 자체 보호 기능도 갖췄다. 코끼리 수염은 다시 자라지 않아 한 가닥이라도 잃으면 코에 영구적인 감각적 맹점이 생긴다. 연구진은 뿌리 부분에 있는 미세한 구멍들은 수염이 충격을 흡수하도록 도와 정밀 센서가 손상되지 않도록 방지한다고 설명했다.
독일 막스 플랑크 지능형 시스템 연구소의 케서린 쿠헨베커 교수(왼쪽)와 앤드류 슐츠 박사가 코끼리 수염 확대 복제품을 들고 있다. 이들은 눈을 감고 수염 지팡이로 물체를 두드리자 접촉 지점마다 다른 감각이 느껴졌다고 밝혔다./독일 막스플랑크 지능형 시스템 연구소        연구진은 로봇에 코끼리의 수염을 모방한 기술을 적용해 앞이 잘 보이지 않는 악천후나 야간에도 주변 환경을 탐색할 수 있도록 할 계획이다. 사전 단계로 코끼리의 수염의 확대 복제품을 3D(입체) 프린터로 만들었다.공동 교신저자인 앤드루 슐츠(Andrew Schulz) 박사는 “눈을 감고 ‘수염 지팡이’라고 부른 확대 복제품으로 물체를 두드리자, 접촉 지점마다 다른 감각이 느껴졌다”며 “코끼리 수염처럼 강도가 부분마다 다르게 만든 생체 모방 센서는 컴퓨터 계산 비용을 거의 들이지 않고도 정밀한 정보를 제공할 수 있다”고 말했다.참고 자료Sciene(2026), DOI: https://doi.org/10.1126/science.adx8981",https://n.news.naver.com/mnews/article/366/0001142547
